"plot","ratio","type","file","fileID","set85id","graphtype","kit","nickname","participantUnique","appStartTime","plotStartTime","plotEndTime","plot3dClicks","whichIsSmaller","byHowMuch","graphCorrecter","Height","response","subject","ratioLabel"
"2dDigital",5,2,"data/pilot/Set85/id-03/Type1-Rep01",5,3,"Type1",8,"19d0844c0631bfd8c45445b380168f02","5411441",1681323906.18234,1681323906.2584,1681323959.19654,0,"Triangle (▲)",61.9,NA,0.681292069057963,2.66771206787739,"19d0844c0631bfd8c45445b380168f025411441",68.1
"3dPrint",3,2,"data/pilot/Set85/id-09/Type1-Rep01",13,9,"Type1",8,"19d0844c0631bfd8c45445b380168f02","5411441",1681323906.18234,1681324018.19183,1681324050.6726,0,"Triangle (▲)",77.5,"",0.825404185268019,2.36888524784722,"19d0844c0631bfd8c45445b380168f025411441",82.5
"2dDigital",1,1,"data/pilot/Set85/id-04/Type3-Rep01",8,4,"Type3",8,"19d0844c0631bfd8c45445b380168f02","5411441",1681323906.18234,1681324050.74657,1681324075.72107,0,"Triangle (▲)",41.8,NA,0.464158883361278,2.24515741314196,"19d0844c0631bfd8c45445b380168f025411441",46.4
"3dDigital",6,1,"data/pilot/Set85/id-06/Type3-Rep01",12,6,"Type3",8,"19d0844c0631bfd8c45445b380168f02","5411441",1681323906.18234,1681324075.81842,1681324097.14676,0,"Triangle (▲)",12.7,NA,0.261015721568254,3.7577243792197,"19d0844c0631bfd8c45445b380168f025411441",26.1
"3dPrint",1,2,"data/pilot/Set85/id-04/Type1-Rep01",7,4,"Type1",8,"19d0844c0631bfd8c45445b380168f02","5411441",1681323906.18234,1681324140.44229,1681324156.67715,0,"Triangle (▲)",29.6,"",0.464158883361278,4.08243762271708,"19d0844c0631bfd8c45445b380168f025411441",46.4
"3dPrint",7,1,"data/pilot/Set85/id-01/Type3-Rep01",2,1,"Type3",8,"19d0844c0631bfd8c45445b380168f02","5411441",1681323906.18234,1681324191.63546,1681324215.29365,0,"Triangle (▲)",12.7,"",0.177827941003892,2.38067241005894,"19d0844c0631bfd8c45445b380168f025411441",17.8
"3dDigital",3,2,"data/pilot/Set85/id-09/Type1-Rep01",13,9,"Type1",8,"19d0844c0631bfd8c45445b380168f02","5411441",1681323906.18234,1681324215.35869,1681324236.14468,3,"Triangle (▲)",87.3,NA,0.825404185268019,2.28823495269337,"19d0844c0631bfd8c45445b380168f025411441",82.5
"3dDigital",5,2,"data/pilot/Set85/id-03/Type1-Rep01",5,3,"Type1",8,"19d0844c0631bfd8c45445b380168f02","5411441",1681323906.18234,1681324236.21583,1681324255.17022,1,"Triangle (▲)",54.2,NA,0.681292069057963,3.81293013805008,"19d0844c0631bfd8c45445b380168f025411441",68.1
"2dDigital",7,2,"data/pilot/Set85/id-01/Type1-Rep01",1,1,"Type1",8,"19d0844c0631bfd8c45445b380168f02","5411441",1681323906.18234,1681324255.22821,1681324268.92276,0,"Triangle (▲)",14.3,NA,0.177827941003892,1.85111700521645,"19d0844c0631bfd8c45445b380168f025411441",17.8
"3dPrint",5,2,"data/pilot/Set85/id-03/Type1-Rep01",5,3,"Type1",8,"19d0844c0631bfd8c45445b380168f02","5411441",1681323906.18234,1681324282.04822,1681324313.60923,0,"Triangle (▲)",56.6,"",0.681292069057963,3.54277892414984,"19d0844c0631bfd8c45445b380168f025411441",68.1
"2dDigital",3,1,"data/pilot/Set85/id-09/Type3-Rep01",14,9,"Type3",8,"19d0844c0631bfd8c45445b380168f02","5411441",1681323906.18234,1681324313.70395,1681324331.24936,0,"Triangle (▲)",95.8,NA,0.825404185268019,3.74250012247406,"19d0844c0631bfd8c45445b380168f025411441",82.5
"2dDigital",6,2,"data/pilot/Set85/id-06/Type1-Rep01",11,6,"Type1",8,"19d0844c0631bfd8c45445b380168f02","5411441",1681323906.18234,1681324331.33986,1681324340.64091,0,"Triangle (▲)",19,NA,0.261015721568254,2.85331148326976,"19d0844c0631bfd8c45445b380168f025411441",26.1
"3dDigital",7,2,"data/pilot/Set85/id-01/Type1-Rep01",1,1,"Type1",8,"19d0844c0631bfd8c45445b380168f02","5411441",1681323906.18234,1681324340.73424,1681324366.274,3,"Triangle (▲)",12.9,NA,0.177827941003892,2.32417524588594,"19d0844c0631bfd8c45445b380168f025411441",17.8
"3dDigital",1,1,"data/pilot/Set85/id-04/Type3-Rep01",8,4,"Type3",8,"19d0844c0631bfd8c45445b380168f02","5411441",1681323906.18234,1681324366.35339,1681324389.0056,1,"Triangle (▲)",32,NA,0.464158883361278,3.86204350437716,"19d0844c0631bfd8c45445b380168f025411441",46.4
"3dPrint",6,2,"data/pilot/Set85/id-06/Type1-Rep01",11,6,"Type1",8,"19d0844c0631bfd8c45445b380168f02","5411441",1681323906.18234,1681324392.13319,1681324417.90576,0,"Triangle (▲)",14,"",0.261015721568254,3.61194808129386,"19d0844c0631bfd8c45445b380168f025411441",26.1
"3dDigital",6,2,"data/pilot/Set85/id-06/Type1-Rep01",11,6,"Type1",12,"bf41afaa31fb2787c7b74f1fbb97b143","9751819",1681324044.36066,1681324044.42569,1681324081.81555,7,"Triangle (▲)",10.6,NA,0.261015721568254,3.96592943850241,"bf41afaa31fb2787c7b74f1fbb97b1439751819",26.1
"3dDigital",2,2,"data/pilot/Set85/id-05/Type1-Rep01",9,5,"Type1",12,"bf41afaa31fb2787c7b74f1fbb97b143","2097518",1681324106.82785,1681324106.8914,1681324122.59246,4,"Triangle (▲)",22.1,NA,0.383118684955729,4.03005956436399,"bf41afaa31fb2787c7b74f1fbb97b1432097518",38.3
"3dDigital",6,2,"data/pilot/Set85/id-06/Type1-Rep01",11,6,"Type1",12,"bf41afaa31fb2787c7b74f1fbb97b143","2097518",1681324106.82785,1681324122.65395,1681324133.67074,1,"Triangle (▲)",7.2,NA,0.261015721568254,4.2499437627631,"bf41afaa31fb2787c7b74f1fbb97b1432097518",26.1
"3dPrint",3,2,"data/pilot/Set85/id-09/Type1-Rep01",13,9,"Type1",12,"bf41afaa31fb2787c7b74f1fbb97b143","2097518",1681324106.82785,1681324157.59387,1681324168.31474,0,"Triangle (▲)",89.2,"",0.825404185268019,2.76225982151517,"bf41afaa31fb2787c7b74f1fbb97b1432097518",82.5
"2dDigital",2,1,"data/pilot/Set85/id-05/Type3-Rep01",10,5,"Type3",12,"bf41afaa31fb2787c7b74f1fbb97b143","2097518",1681324106.82785,1681324168.40283,1681324181.40127,0,"Triangle (▲)",27.3,NA,0.383118684955729,3.47727172244732,"bf41afaa31fb2787c7b74f1fbb97b1432097518",38.3
"3dPrint",6,2,"data/pilot/Set85/id-06/Type1-Rep01",11,6,"Type1",12,"bf41afaa31fb2787c7b74f1fbb97b143","2097518",1681324106.82785,1681324193.2032,1681324202.46455,0,"Triangle (▲)",9.1,"",0.261015721568254,4.09816452317943,"bf41afaa31fb2787c7b74f1fbb97b1432097518",26.1
"2dDigital",1,2,"data/pilot/Set85/id-04/Type1-Rep01",7,4,"Type1",12,"bf41afaa31fb2787c7b74f1fbb97b143","2097518",1681324106.82785,1681324202.55617,1681324214.34942,0,"Triangle (▲)",34.4,NA,0.464158883361278,3.60180208083338,"bf41afaa31fb2787c7b74f1fbb97b1432097518",46.4
"2dDigital",6,2,"data/pilot/Set85/id-06/Type1-Rep01",11,6,"Type1",12,"bf41afaa31fb2787c7b74f1fbb97b143","2097518",1681324106.82785,1681324214.42876,1681324221.09861,0,"Triangle (▲)",11.7,NA,0.261015721568254,3.86062240448031,"bf41afaa31fb2787c7b74f1fbb97b1432097518",26.1
"2dDigital",7,1,"data/pilot/Set85/id-01/Type3-Rep01",2,1,"Type3",12,"bf41afaa31fb2787c7b74f1fbb97b143","2097518",1681324106.82785,1681324221.1751,1681324230.64635,0,"Triangle (▲)",9.7,NA,0.177827941003892,3.03699454014657,"bf41afaa31fb2787c7b74f1fbb97b1432097518",17.8
"3dDigital",3,2,"data/pilot/Set85/id-09/Type1-Rep01",13,9,"Type1",12,"bf41afaa31fb2787c7b74f1fbb97b143","2097518",1681324106.82785,1681324230.72405,1681324240.12587,2,"Triangle (▲)",91.6,NA,0.825404185268019,3.19921398151097,"bf41afaa31fb2787c7b74f1fbb97b1432097518",82.5
"3dDigital",1,1,"data/pilot/Set85/id-04/Type3-Rep01",8,4,"Type3",12,"bf41afaa31fb2787c7b74f1fbb97b143","2097518",1681324106.82785,1681324240.1747,1681324250.5658,2,"Triangle (▲)",43.7,NA,0.464158883361278,1.50634212611363,"bf41afaa31fb2787c7b74f1fbb97b1432097518",46.4
"2dDigital",3,2,"data/pilot/Set85/id-09/Type1-Rep01",13,9,"Type1",12,"bf41afaa31fb2787c7b74f1fbb97b143","2097518",1681324106.82785,1681324250.61157,1681324258.20859,0,"Triangle (▲)",91.8,NA,0.825404185268019,3.23029240621699,"bf41afaa31fb2787c7b74f1fbb97b1432097518",82.5
"3dPrint",2,1,"data/pilot/Set85/id-05/Type3-Rep01",10,5,"Type3",12,"bf41afaa31fb2787c7b74f1fbb97b143","2097518",1681324106.82785,1681324278.83596,1681324288.45406,0,"Triangle (▲)",29.9,"",0.383118684955729,3.09370695574509,"bf41afaa31fb2787c7b74f1fbb97b1432097518",38.3
"3dPrint",1,2,"data/pilot/Set85/id-04/Type1-Rep01",7,4,"Type1",12,"bf41afaa31fb2787c7b74f1fbb97b143","2097518",1681324106.82785,1681324304.10989,1681324314.57993,0,"Triangle (▲)",34.9,"",0.464158883361278,3.54112925186418,"bf41afaa31fb2787c7b74f1fbb97b1432097518",46.4
"3dPrint",1,1,"data/pilot/Set85/id-04/Type3-Rep01",8,4,"Type3",11,"1ebba1f28c2be8b4dd23411129ebba5e","97518",1681324285.99089,1681324325.42564,1681324355.99923,0,"Triangle (▲)",45.2,"",0.464158883361278,0.423189100313032,"1ebba1f28c2be8b4dd23411129ebba5e97518",46.4
"2dDigital",6,1,"data/pilot/Set85/id-06/Type3-Rep01",12,6,"Type3",11,"1ebba1f28c2be8b4dd23411129ebba5e","97518",1681324285.99089,1681324356.07923,1681324376.69922,0,"Triangle (▲)",17.9,NA,0.261015721568254,3.05772269605365,"1ebba1f28c2be8b4dd23411129ebba5e97518",26.1
"2dDigital",1,2,"data/pilot/Set85/id-04/Type1-Rep01",7,4,"Type1",11,"1ebba1f28c2be8b4dd23411129ebba5e","97518",1681324285.99089,1681324376.77754,1681324389.95941,0,"Triangle (▲)",46.5,NA,0.464158883361278,-2.25765455978296,"1ebba1f28c2be8b4dd23411129ebba5e97518",46.4
"3dDigital",4,2,"data/pilot/Set85/id-02/Type1-Rep01",3,2,"Type1",11,"1ebba1f28c2be8b4dd23411129ebba5e","97518",1681324285.99089,1681324390.02059,1681324418.00552,0,"Triangle (▲)",46.5,NA,0.56234132519035,3.3014607129781,"1ebba1f28c2be8b4dd23411129ebba5e97518",56.2
"3dDigital",1,2,"data/pilot/Set85/id-04/Type1-Rep01",7,4,"Type1",11,"1ebba1f28c2be8b4dd23411129ebba5e","97518",1681324285.99089,1681324418.06053,1681324451.96487,0,"Triangle (▲)",47.4,NA,0.464158883361278,0.149404621410268,"1ebba1f28c2be8b4dd23411129ebba5e97518",46.4
"3dPrint",4,2,"data/pilot/Set85/id-02/Type1-Rep01",3,2,"Type1",11,"1ebba1f28c2be8b4dd23411129ebba5e","97518",1681324285.99089,1681324468.7266,1681324475.12158,0,"Triangle (▲)",50,"",0.56234132519035,2.66882997371014,"1ebba1f28c2be8b4dd23411129ebba5e97518",56.2
"3dDigital",6,1,"data/pilot/Set85/id-06/Type3-Rep01",12,6,"Type3",11,"1ebba1f28c2be8b4dd23411129ebba5e","97518",1681324285.99089,1681324475.19245,1681324483.23527,0,"Triangle (▲)",13.3,NA,0.261015721568254,3.69226784969618,"1ebba1f28c2be8b4dd23411129ebba5e97518",26.1
"3dDigital",7,1,"data/pilot/Set85/id-01/Type3-Rep01",2,1,"Type3",11,"1ebba1f28c2be8b4dd23411129ebba5e","97518",1681324285.99089,1681324483.30859,1681324490.36374,0,"Triangle (▲)",14.8,NA,0.177827941003892,1.63589092453476,"1ebba1f28c2be8b4dd23411129ebba5e97518",17.8
"3dPrint",7,1,"data/pilot/Set85/id-01/Type3-Rep01",2,1,"Type3",11,"1ebba1f28c2be8b4dd23411129ebba5e","97518",1681324285.99089,1681324508.89242,1681324515.71607,0,"Triangle (▲)",14.6,"",0.177827941003892,1.72586943414873,"1ebba1f28c2be8b4dd23411129ebba5e97518",17.8
"2dDigital",7,2,"data/pilot/Set85/id-01/Type1-Rep01",1,1,"Type1",11,"1ebba1f28c2be8b4dd23411129ebba5e","97518",1681324285.99089,1681324515.76908,1681324522.43545,0,"Triangle (▲)",19,NA,0.177827941003892,0.424606003551417,"1ebba1f28c2be8b4dd23411129ebba5e97518",17.8
"3dDigital",2,1,"data/pilot/Set85/id-05/Type3-Rep01",10,5,"Type3",11,"1ebba1f28c2be8b4dd23411129ebba5e","97518",1681324285.99089,1681324522.48658,1681324530.83247,0,"Triangle (▲)",24.7,NA,0.383118684955729,3.77998125473364,"1ebba1f28c2be8b4dd23411129ebba5e97518",38.3
"3dPrint",6,2,"data/pilot/Set85/id-06/Type1-Rep01",11,6,"Type1",11,"1ebba1f28c2be8b4dd23411129ebba5e","97518",1681324285.99089,1681324533.17718,1681324546.3856,0,"Triangle (▲)",19.2,"",0.261015721568254,2.81282105652137,"1ebba1f28c2be8b4dd23411129ebba5e97518",26.1
"2dDigital",2,2,"data/pilot/Set85/id-05/Type1-Rep01",9,5,"Type1",11,"1ebba1f28c2be8b4dd23411129ebba5e","97518",1681324285.99089,1681324546.438,1681324550.7432,0,"Triangle (▲)",43.9,NA,0.383118684955729,2.51428173814895,"1ebba1f28c2be8b4dd23411129ebba5e97518",38.3
"3dPrint",2,1,"data/pilot/Set85/id-05/Type3-Rep01",10,5,"Type3",11,"1ebba1f28c2be8b4dd23411129ebba5e","97518",1681324285.99089,1681324565.32334,1681324572.44757,0,"Triangle (▲)",19.2,"",0.383118684955729,4.26580206168728,"1ebba1f28c2be8b4dd23411129ebba5e97518",38.3
"2dDigital",4,1,"data/pilot/Set85/id-02/Type3-Rep01",4,2,"Type3",11,"1ebba1f28c2be8b4dd23411129ebba5e","97518",1681324285.99089,1681324572.5086,1681324577.26995,0,"Triangle (▲)",41.9,NA,0.56234132519035,3.85390909475399,"1ebba1f28c2be8b4dd23411129ebba5e97518",56.2
"3dDigital",7,1,"data/pilot/Set85/id-01/Type3-Rep01",2,1,"Type3",12,"bf41afaa31fb2787c7b74f1fbb97b143","1811472120114",1681324428.94234,1681324428.99177,1681324443.31357,2,"Triangle (▲)",16.4,NA,0.177827941003892,0.592439432168523,"bf41afaa31fb2787c7b74f1fbb97b1431811472120114",17.8
"2dDigital",7,1,"data/pilot/Set85/id-01/Type3-Rep01",2,1,"Type3",12,"bf41afaa31fb2787c7b74f1fbb97b143","1811472120114",1681324428.94234,1681324443.38763,1681324448.95975,0,"Triangle (▲)",13.9,NA,0.177827941003892,2.00280839227122,"bf41afaa31fb2787c7b74f1fbb97b1431811472120114",17.8
"3dPrint",7,2,"data/pilot/Set85/id-01/Type1-Rep01",1,1,"Type1",12,"bf41afaa31fb2787c7b74f1fbb97b143","1811472120114",1681324428.94234,1681324459.0813,1681324472.86363,0,"Triangle (▲)",9.3,"",0.177827941003892,3.1056435688448,"bf41afaa31fb2787c7b74f1fbb97b1431811472120114",17.8
"3dPrint",2,1,"data/pilot/Set85/id-05/Type3-Rep01",10,5,"Type3",12,"bf41afaa31fb2787c7b74f1fbb97b143","1811472120114",1681324428.94234,1681324479.90651,1681324487.20345,0,"Triangle (▲)",34.6,"",0.383118684955729,1.93992931901001,"bf41afaa31fb2787c7b74f1fbb97b1431811472120114",38.3
"3dPrint",1,2,"data/pilot/Set85/id-04/Type1-Rep01",7,4,"Type1",12,"bf41afaa31fb2787c7b74f1fbb97b143","1811472120114",1681324428.94234,1681324493.43542,1681324501.09285,0,"Triangle (▲)",40.9,"",0.464158883361278,2.49592237844088,"bf41afaa31fb2787c7b74f1fbb97b1431811472120114",46.4
"3dPrint",3,2,"data/pilot/Set85/id-09/Type1-Rep01",13,9,"Type1",12,"bf41afaa31fb2787c7b74f1fbb97b143","1811472120114",1681324428.94234,1681324507.342,1681324514.00056,0,"Triangle (▲)",95.7,"",0.825404185268019,3.73168087175207,"bf41afaa31fb2787c7b74f1fbb97b1431811472120114",82.5
"2dDigital",3,2,"data/pilot/Set85/id-09/Type1-Rep01",13,9,"Type1",12,"bf41afaa31fb2787c7b74f1fbb97b143","1811472120114",1681324428.94234,1681324514.06316,1681324521.86137,0,"Triangle (▲)",97.2,NA,0.825404185268019,3.88602149863725,"bf41afaa31fb2787c7b74f1fbb97b1431811472120114",82.5
"3dDigital",6,2,"data/pilot/Set85/id-06/Type1-Rep01",11,6,"Type1",12,"bf41afaa31fb2787c7b74f1fbb97b143","1811472120114",1681324428.94234,1681324521.94632,1681324528.92603,1,"Triangle (▲)",13.8,NA,0.261015721568254,3.63535648183561,"bf41afaa31fb2787c7b74f1fbb97b1431811472120114",26.1
"3dDigital",2,2,"data/pilot/Set85/id-05/Type1-Rep01",9,5,"Type1",12,"bf41afaa31fb2787c7b74f1fbb97b143","1811472120114",1681324428.94234,1681324528.99887,1681324537.46172,1,"Triangle (▲)",33.5,NA,0.383118684955729,2.30359621621296,"bf41afaa31fb2787c7b74f1fbb97b1431811472120114",38.3
"3dPrint",6,2,"data/pilot/Set85/id-06/Type1-Rep01",11,6,"Type1",12,"bf41afaa31fb2787c7b74f1fbb97b143","1811472120114",1681324428.94234,1681324542.9368,1681324550.65357,0,"Triangle (▲)",18.4,"",0.261015721568254,2.96838058144263,"bf41afaa31fb2787c7b74f1fbb97b1431811472120114",26.1
"2dDigital",2,1,"data/pilot/Set85/id-05/Type3-Rep01",10,5,"Type3",12,"bf41afaa31fb2787c7b74f1fbb97b143","1811472120114",1681324428.94234,1681324550.73142,1681324556.26197,0,"Triangle (▲)",22.7,NA,0.383118684955729,3.97607658011774,"bf41afaa31fb2787c7b74f1fbb97b1431811472120114",38.3
"3dDigital",3,2,"data/pilot/Set85/id-09/Type1-Rep01",13,9,"Type1",12,"bf41afaa31fb2787c7b74f1fbb97b143","1811472120114",1681324428.94234,1681324556.31363,1681324563.26891,1,"Triangle (▲)",90.5,NA,0.825404185268019,3.0151730894478,"bf41afaa31fb2787c7b74f1fbb97b1431811472120114",82.5
"3dDigital",1,1,"data/pilot/Set85/id-04/Type3-Rep01",8,4,"Type3",12,"bf41afaa31fb2787c7b74f1fbb97b143","1811472120114",1681324428.94234,1681324563.34252,1681324573.40789,1,"Triangle (▲)",41.6,NA,0.464158883361278,2.30477045130555,"bf41afaa31fb2787c7b74f1fbb97b1431811472120114",46.4
"2dDigital",1,2,"data/pilot/Set85/id-04/Type1-Rep01",7,4,"Type1",12,"bf41afaa31fb2787c7b74f1fbb97b143","1811472120114",1681324428.94234,1681324573.46535,1681324580.23407,0,"Triangle (▲)",26.8,NA,0.464158883361278,4.3031150071381,"bf41afaa31fb2787c7b74f1fbb97b1431811472120114",46.4
"2dDigital",6,2,"data/pilot/Set85/id-06/Type1-Rep01",11,6,"Type1",12,"bf41afaa31fb2787c7b74f1fbb97b143","1811472120114",1681324428.94234,1681324580.31241,1681324585.37132,0,"Triangle (▲)",17.1,NA,0.261015721568254,3.19007310107042,"bf41afaa31fb2787c7b74f1fbb97b1431811472120114",26.1
"3dPrint",4,2,"data/pilot/Set85/id-02/Type1-Rep01",3,2,"Type1",15,"57784e0faad4b99594afa21e308fde6c","91514",1681325479.29664,1681325497.48512,1681325536.36041,0,"Triangle (▲)",50,"",0.56234132519035,2.66882997371014,"57784e0faad4b99594afa21e308fde6c91514",56.2
"3dDigital",6,1,"data/pilot/Set85/id-06/Type3-Rep01",12,6,"Type3",15,"57784e0faad4b99594afa21e308fde6c","1291514",1681325704.63366,1681325704.69766,1681325719.16517,0,"Triangle (▲)",27,NA,0.261015721568254,0.0334093886692337,"57784e0faad4b99594afa21e308fde6c1291514",26.1
"3dDigital",5,1,"data/pilot/Set85/id-03/Type3-Rep01",6,3,"Type3",15,"57784e0faad4b99594afa21e308fde6c","1291514",1681325704.63366,1681325719.23912,1681325728.13538,0,"Triangle (▲)",81.5,NA,0.681292069057963,3.75443785564575,"57784e0faad4b99594afa21e308fde6c1291514",68.1
"3dPrint",4,2,"data/pilot/Set85/id-02/Type1-Rep01",3,2,"Type1",15,"57784e0faad4b99594afa21e308fde6c","1291514",1681325704.63366,1681325744.23087,1681325755.04941,0,"Triangle (▲)",46,"",0.56234132519035,3.37283129068345,"57784e0faad4b99594afa21e308fde6c1291514",56.2
"3dPrint",7,1,"data/pilot/Set85/id-01/Type3-Rep01",2,1,"Type3",15,"57784e0faad4b99594afa21e308fde6c","1291514",1681325704.63366,1681325775.59593,1681325786.15001,0,"Triangle (▲)",20.1,"",0.177827941003892,1.28818483743631,"57784e0faad4b99594afa21e308fde6c1291514",17.8
"2dDigital",7,2,"data/pilot/Set85/id-01/Type1-Rep01",1,1,"Type1",15,"57784e0faad4b99594afa21e308fde6c","1291514",1681325704.63366,1681325786.21745,1681325793.46641,0,"Triangle (▲)",10.9,NA,0.177827941003892,2.80896038699513,"57784e0faad4b99594afa21e308fde6c1291514",17.8
"3dDigital",7,2,"data/pilot/Set85/id-01/Type1-Rep01",1,1,"Type1",15,"57784e0faad4b99594afa21e308fde6c","1291514",1681325704.63366,1681325793.55521,1681325799.23756,0,"Triangle (▲)",15.6,NA,0.177827941003892,1.20651451358552,"57784e0faad4b99594afa21e308fde6c1291514",17.8
"3dDigital",2,1,"data/pilot/Set85/id-05/Type3-Rep01",10,5,"Type3",15,"57784e0faad4b99594afa21e308fde6c","1291514",1681325704.63366,1681325799.30912,1681325806.44891,0,"Triangle (▲)",37,NA,0.383118684955729,0.522928030155455,"57784e0faad4b99594afa21e308fde6c1291514",38.3
"3dPrint",5,1,"data/pilot/Set85/id-03/Type3-Rep01",6,3,"Type3",15,"57784e0faad4b99594afa21e308fde6c","1291514",1681325704.63366,1681325818.55204,1681325826.9676,0,"Triangle (▲)",66.1,"",0.681292069057963,1.10715682352682,"57784e0faad4b99594afa21e308fde6c1291514",68.1
"2dDigital",6,1,"data/pilot/Set85/id-06/Type3-Rep01",12,6,"Type3",15,"57784e0faad4b99594afa21e308fde6c","1291514",1681325704.63366,1681325827.05967,1681325833.17885,0,"Triangle (▲)",18.8,NA,0.261015721568254,2.89269646736297,"57784e0faad4b99594afa21e308fde6c1291514",26.1
"3dPrint",2,1,"data/pilot/Set85/id-05/Type3-Rep01",10,5,"Type3",15,"57784e0faad4b99594afa21e308fde6c","1291514",1681325704.63366,1681325843.00725,1681325850.19845,0,"Triangle (▲)",32,"",0.383118684955729,2.68635899506747,"57784e0faad4b99594afa21e308fde6c1291514",38.3
"3dDigital",4,2,"data/pilot/Set85/id-02/Type1-Rep01",3,2,"Type1",15,"57784e0faad4b99594afa21e308fde6c","1291514",1681325704.63366,1681325850.28918,1681325855.39917,0,"Triangle (▲)",50,NA,0.56234132519035,2.66882997371014,"57784e0faad4b99594afa21e308fde6c1291514",56.2
"2dDigital",5,1,"data/pilot/Set85/id-03/Type3-Rep01",6,3,"Type3",15,"57784e0faad4b99594afa21e308fde6c","1291514",1681325704.63366,1681325855.44578,1681325861.26481,0,"Triangle (▲)",50,NA,0.681292069057963,4.19015708395979,"57784e0faad4b99594afa21e308fde6c1291514",68.1
"2dDigital",4,1,"data/pilot/Set85/id-02/Type3-Rep01",4,2,"Type3",15,"57784e0faad4b99594afa21e308fde6c","1291514",1681325704.63366,1681325861.35206,1681325865.28294,0,"Triangle (▲)",50,NA,0.56234132519035,2.66882997371014,"57784e0faad4b99594afa21e308fde6c1291514",56.2
"2dDigital",2,1,"data/pilot/Set85/id-05/Type3-Rep01",10,5,"Type3",15,"57784e0faad4b99594afa21e308fde6c","1291514",1681325704.63366,1681325865.37039,1681325873.46551,0,"Triangle (▲)",36.2,NA,0.383118684955729,1.16148044353982,"57784e0faad4b99594afa21e308fde6c1291514",38.3
"3dPrint",6,1,"data/pilot/Set85/id-06/Type3-Rep01",12,6,"Type3",15,"57784e0faad4b99594afa21e308fde6c","1291514",1681325704.63366,1681325882.90346,1681325891.83544,0,"Triangle (▲)",31.7,"",0.261015721568254,2.51687945664316,"57784e0faad4b99594afa21e308fde6c1291514",26.1
"3dDigital",3,2,"data/pilot/Set85/id-09/Type1-Rep01",13,9,"Type1",8,"a583153bc6c12b94f6e5c4c3e26bcba5","811811",1681326716.82129,1681326716.89481,1681326740.62574,2,"Triangle (▲)",86.3,NA,0.825404185268019,1.95775917030154,"a583153bc6c12b94f6e5c4c3e26bcba5811811",82.5
"3dDigital",6,1,"data/pilot/Set85/id-06/Type3-Rep01",12,6,"Type3",8,"a583153bc6c12b94f6e5c4c3e26bcba5","811811",1681326716.82129,1681326740.69721,1681326763.99206,6,"Triangle (▲)",19.2,NA,0.261015721568254,2.81282105652137,"a583153bc6c12b94f6e5c4c3e26bcba5811811",26.1
"3dPrint",6,2,"data/pilot/Set85/id-06/Type1-Rep01",11,6,"Type1",8,"a583153bc6c12b94f6e5c4c3e26bcba5","811811",1681326716.82129,1681326781.21254,1681326797.4186,0,"Triangle (▲)",21.8,"",0.261015721568254,2.14618993881756,"a583153bc6c12b94f6e5c4c3e26bcba5811811",26.1
"2dDigital",7,2,"data/pilot/Set85/id-01/Type1-Rep01",1,1,"Type1",8,"a583153bc6c12b94f6e5c4c3e26bcba5","811811",1681326716.82129,1681326797.51414,1681326824.47078,0,"Triangle (▲)",13.9,NA,0.177827941003892,2.00280839227122,"a583153bc6c12b94f6e5c4c3e26bcba5811811",17.8
"3dPrint",3,2,"data/pilot/Set85/id-09/Type1-Rep01",13,9,"Type1",8,"a583153bc6c12b94f6e5c4c3e26bcba5","811811",1681326716.82129,1681326837.30408,1681326851.75866,0,"Triangle (▲)",88.1,"",0.825404185268019,2.50705413473429,"a583153bc6c12b94f6e5c4c3e26bcba5811811",82.5
"3dPrint",5,2,"data/pilot/Set85/id-03/Type1-Rep01",5,3,"Type1",8,"a583153bc6c12b94f6e5c4c3e26bcba5","811811",1681326716.82129,1681326868.06141,1681326890.58591,0,"Triangle (▲)",59.5,"",0.681292069057963,3.12997648249635,"a583153bc6c12b94f6e5c4c3e26bcba5811811",68.1
"2dDigital",5,2,"data/pilot/Set85/id-03/Type1-Rep01",5,3,"Type1",8,"a583153bc6c12b94f6e5c4c3e26bcba5","811811",1681326716.82129,1681326890.68486,1681326902.88615,0,"Triangle (▲)",85.8,NA,0.681292069057963,4.15346432487347,"a583153bc6c12b94f6e5c4c3e26bcba5811811",68.1
"2dDigital",1,1,"data/pilot/Set85/id-04/Type3-Rep01",8,4,"Type3",8,"a583153bc6c12b94f6e5c4c3e26bcba5","811811",1681326716.82129,1681326902.97763,1681326920.85799,0,"Triangle (▲)",45.8,NA,0.464158883361278,-0.432671973481804,"a583153bc6c12b94f6e5c4c3e26bcba5811811",46.4
"3dPrint",7,1,"data/pilot/Set85/id-01/Type3-Rep01",2,1,"Type3",8,"a583153bc6c12b94f6e5c4c3e26bcba5","811811",1681326716.82129,1681326948.82876,1681326958.22382,0,"Triangle (▲)",17.7,"",0.177827941003892,-2.26677340051062,"a583153bc6c12b94f6e5c4c3e26bcba5811811",17.8
"3dDigital",5,2,"data/pilot/Set85/id-03/Type1-Rep01",5,3,"Type1",8,"a583153bc6c12b94f6e5c4c3e26bcba5","811811",1681326716.82129,1681326958.31346,1681326997.66449,10,"Triangle (▲)",63.9,NA,0.681292069057963,2.12240996399695,"a583153bc6c12b94f6e5c4c3e26bcba5811811",68.1
"3dDigital",7,2,"data/pilot/Set85/id-01/Type1-Rep01",1,1,"Type1",8,"a583153bc6c12b94f6e5c4c3e26bcba5","811811",1681326716.82129,1681326997.71237,1681327018.80747,3,"Triangle (▲)",22.4,NA,0.177827941003892,2.24555830387824,"a583153bc6c12b94f6e5c4c3e26bcba5811811",17.8
"2dDigital",3,1,"data/pilot/Set85/id-09/Type3-Rep01",14,9,"Type3",8,"a583153bc6c12b94f6e5c4c3e26bcba5","811811",1681326716.82129,1681327018.87832,1681327031.42784,0,"Triangle (▲)",90.5,NA,0.825404185268019,3.0151730894478,"a583153bc6c12b94f6e5c4c3e26bcba5811811",82.5
"3dPrint",1,2,"data/pilot/Set85/id-04/Type1-Rep01",7,4,"Type1",8,"a583153bc6c12b94f6e5c4c3e26bcba5","811811",1681326716.82129,1681327043.20497,1681327062.0879,0,"Triangle (▲)",34.3,"",0.464158883361278,3.61363635484779,"a583153bc6c12b94f6e5c4c3e26bcba5811811",46.4
"3dDigital",1,1,"data/pilot/Set85/id-04/Type3-Rep01",8,4,"Type3",8,"a583153bc6c12b94f6e5c4c3e26bcba5","811811",1681326716.82129,1681327062.15269,1681327081.25179,3,"Triangle (▲)",40,NA,0.464158883361278,2.70948658543185,"a583153bc6c12b94f6e5c4c3e26bcba5811811",46.4
"2dDigital",6,2,"data/pilot/Set85/id-06/Type1-Rep01",11,6,"Type1",8,"a583153bc6c12b94f6e5c4c3e26bcba5","811811",1681326716.82129,1681327081.3236,1681327089.96864,0,"Triangle (▲)",26.6,NA,0.261015721568254,-0.68170550567171,"a583153bc6c12b94f6e5c4c3e26bcba5811811",26.1
"3dPrint",4,2,"data/pilot/Set85/id-02/Type1-Rep01",3,2,"Type1",20,"57784e0faad4b99594afa21e308fde6c","511291514",1681326855.67073,1681326865.92529,1681326946.34731,0,"Triangle (▲)",24.1,"",0.56234132519035,5.01163573836191,"57784e0faad4b99594afa21e308fde6c511291514",56.2
"3dPrint",5,1,"data/pilot/Set85/id-03/Type3-Rep01",6,3,"Type3",20,"57784e0faad4b99594afa21e308fde6c","511291514",1681326855.67073,1681326969.46722,1681327003.7958,0,"Triangle (▲)",31.7,"",0.681292069057963,5.19196554574002,"57784e0faad4b99594afa21e308fde6c511291514",68.1
"2dDigital",5,1,"data/pilot/Set85/id-03/Type3-Rep01",6,3,"Type3",20,"57784e0faad4b99594afa21e308fde6c","511291514",1681326855.67073,1681327003.85992,1681327025.37991,0,"Triangle (▲)",34.4,NA,0.681292069057963,5.08126321687119,"57784e0faad4b99594afa21e308fde6c511291514",68.1
"3dPrint",7,1,"data/pilot/Set85/id-01/Type3-Rep01",2,1,"Type3",20,"57784e0faad4b99594afa21e308fde6c","511291514",1681326855.67073,1681327038.29583,1681327069.49639,0,"Triangle (▲)",1.3,"",0.177827941003892,4.05378855760543,"57784e0faad4b99594afa21e308fde6c511291514",17.8
"2dDigital",6,1,"data/pilot/Set85/id-06/Type3-Rep01",12,6,"Type3",20,"57784e0faad4b99594afa21e308fde6c","511291514",1681326855.67073,1681327069.58563,1681327151.07681,0,"Triangle (▲)",2.4,NA,0.261015721568254,4.57449950600155,"57784e0faad4b99594afa21e308fde6c511291514",26.1
"3dPrint",6,2,"data/pilot/Set85/id-06/Type1-Rep01",11,6,"Type1",20,"57784e0faad4b99594afa21e308fde6c","511291514",1681326855.67073,1681327176.53747,1681327222.01004,0,"Triangle (▲)",9,"",0.261015721568254,4.10656374918721,"57784e0faad4b99594afa21e308fde6c511291514",26.1
"3dDigital",7,2,"data/pilot/Set85/id-01/Type1-Rep01",1,1,"Type1",20,"57784e0faad4b99594afa21e308fde6c","511291514",1681326855.67073,1681327222.1091,1681327240.32771,0,"Triangle (▲)",2.9,NA,0.177827941003892,3.90764003491718,"57784e0faad4b99594afa21e308fde6c511291514",17.8
"3dPrint",1,2,"data/pilot/Set85/id-04/Type1-Rep01",7,4,"Type1",20,"57784e0faad4b99594afa21e308fde6c","511291514",1681326855.67073,1681327253.77763,1681327276.30973,0,"Triangle (▲)",22.8,"",0.464158883361278,4.56930201361396,"57784e0faad4b99594afa21e308fde6c511291514",46.4
"3dDigital",4,2,"data/pilot/Set85/id-02/Type1-Rep01",3,2,"Type1",20,"57784e0faad4b99594afa21e308fde6c","511291514",1681326855.67073,1681327276.39984,1681327292.01039,0,"Triangle (▲)",27,NA,0.56234132519035,4.87573743605979,"57784e0faad4b99594afa21e308fde6c511291514",56.2
"2dDigital",7,1,"data/pilot/Set85/id-01/Type3-Rep01",2,1,"Type3",20,"57784e0faad4b99594afa21e308fde6c","511291514",1681326855.67073,1681327292.08123,1681327320.28652,0,"Triangle (▲)",9,NA,0.177827941003892,3.15506821127114,"57784e0faad4b99594afa21e308fde6c511291514",17.8
"3dDigital",5,2,"data/pilot/Set85/id-03/Type1-Rep01",5,3,"Type1",20,"57784e0faad4b99594afa21e308fde6c","511291514",1681326855.67073,1681327320.37639,1681327334.00589,0,"Triangle (▲)",26.7,NA,0.681292069057963,5.37692263626073,"57784e0faad4b99594afa21e308fde6c511291514",68.1
"3dDigital",6,1,"data/pilot/Set85/id-06/Type3-Rep01",12,6,"Type3",20,"57784e0faad4b99594afa21e308fde6c","511291514",1681326855.67073,1681327334.07659,1681327350.83854,0,"Triangle (▲)",5.6,NA,0.261015721568254,4.36643218061742,"57784e0faad4b99594afa21e308fde6c511291514",26.1
"2dDigital",4,2,"data/pilot/Set85/id-02/Type1-Rep01",3,2,"Type1",20,"57784e0faad4b99594afa21e308fde6c","511291514",1681326855.67073,1681327350.91098,1681327361.90654,0,"Triangle (▲)",23.8,NA,0.56234132519035,5.02499035692524,"57784e0faad4b99594afa21e308fde6c511291514",56.2
"2dDigital",1,1,"data/pilot/Set85/id-04/Type3-Rep01",8,4,"Type3",20,"57784e0faad4b99594afa21e308fde6c","511291514",1681326855.67073,1681327361.99427,1681327372.6116,0,"Triangle (▲)",25.7,NA,0.464158883361278,4.38134486822413,"57784e0faad4b99594afa21e308fde6c511291514",46.4
"3dDigital",1,1,"data/pilot/Set85/id-04/Type3-Rep01",8,4,"Type3",20,"57784e0faad4b99594afa21e308fde6c","511291514",1681326855.67073,1681327372.69852,1681327385.79605,0,"Triangle (▲)",20.9,NA,0.464158883361278,4.68037434030444,"57784e0faad4b99594afa21e308fde6c511291514",46.4
"2dDigital",2,2,"data/pilot/Set85/id-05/Type1-Rep01",9,5,"Type1",10,"592307b7415b577e56e7a25074657f4a","1651472191419",1681329145.90992,1681329145.99374,1681329172.77758,0,"Triangle (▲)",30,NA,0.383118684955729,3.07670761454399,"592307b7415b577e56e7a25074657f4a1651472191419",38.3
"2dDigital",3,1,"data/pilot/Set85/id-09/Type3-Rep01",14,9,"Type3",10,"592307b7415b577e56e7a25074657f4a","1651472191419",1681329145.90992,1681329172.89118,1681329189.62727,0,"Triangle (▲)",96.8,NA,0.825404185268019,3.84645134062041,"592307b7415b577e56e7a25074657f4a1651472191419",82.5
"3dPrint",3,1,"data/pilot/Set85/id-09/Type3-Rep01",14,9,"Type3",10,"592307b7415b577e56e7a25074657f4a","1651472191419",1681329145.90992,1681329209.34059,1681329243.11262,0,"Triangle (▲)",92.4,"",0.825404185268019,3.31970195504066,"592307b7415b577e56e7a25074657f4a1651472191419",82.5
"3dPrint",4,1,"data/pilot/Set85/id-02/Type3-Rep01",4,2,"Type3",10,"592307b7415b577e56e7a25074657f4a","1651472191419",1681329145.90992,1681329267.64114,1681329282.84752,0,"Triangle (▲)",46,"",0.56234132519035,3.37283129068345,"592307b7415b577e56e7a25074657f4a1651472191419",56.2
"3dDigital",2,1,"data/pilot/Set85/id-05/Type3-Rep01",10,5,"Type3",10,"592307b7415b577e56e7a25074657f4a","1651472191419",1681329145.90992,1681329282.93516,1681329309.40066,0,"Triangle (▲)",19,NA,0.383118684955729,4.28072389768788,"592307b7415b577e56e7a25074657f4a1651472191419",38.3
"3dDigital",3,2,"data/pilot/Set85/id-09/Type1-Rep01",13,9,"Type1",10,"592307b7415b577e56e7a25074657f4a","1651472191419",1681329145.90992,1681329309.47469,1681329322.02169,0,"Triangle (▲)",85.6,NA,0.825404185268019,1.67110378183263,"592307b7415b577e56e7a25074657f4a1651472191419",82.5
"2dDigital",4,2,"data/pilot/Set85/id-02/Type1-Rep01",3,2,"Type1",10,"592307b7415b577e56e7a25074657f4a","1651472191419",1681329145.90992,1681329322.0946,1681329335.30751,0,"Triangle (▲)",39.9,NA,0.56234132519035,4.04081639519938,"592307b7415b577e56e7a25074657f4a1651472191419",56.2
"3dPrint",2,1,"data/pilot/Set85/id-05/Type3-Rep01",10,5,"Type3",10,"592307b7415b577e56e7a25074657f4a","1651472191419",1681329145.90992,1681329350.63902,1681329367.11217,0,"Triangle (▲)",24.9,"",0.383118684955729,3.75882213155339,"592307b7415b577e56e7a25074657f4a1651472191419",38.3
"3dDigital",6,1,"data/pilot/Set85/id-06/Type3-Rep01",12,6,"Type3",10,"592307b7415b577e56e7a25074657f4a","1651472191419",1681329145.90992,1681329367.17326,1681329381.40145,0,"Triangle (▲)",10.2,NA,0.261015721568254,4.00239398256464,"592307b7415b577e56e7a25074657f4a1651472191419",26.1
"2dDigital",6,2,"data/pilot/Set85/id-06/Type1-Rep01",11,6,"Type1",10,"592307b7415b577e56e7a25074657f4a","1651472191419",1681329145.90992,1681329381.4745,1681329395.04946,0,"Triangle (▲)",8.5,NA,0.261015721568254,4.14784167960307,"592307b7415b577e56e7a25074657f4a1651472191419",26.1
"3dDigital",4,1,"data/pilot/Set85/id-02/Type3-Rep01",4,2,"Type3",10,"592307b7415b577e56e7a25074657f4a","1651472191419",1681329145.90992,1681329395.11228,1681329408.87191,0,"Triangle (▲)",50,NA,0.56234132519035,2.66882997371014,"592307b7415b577e56e7a25074657f4a1651472191419",56.2
"3dPrint",1,1,"data/pilot/Set85/id-04/Type3-Rep01",8,4,"Type3",10,"592307b7415b577e56e7a25074657f4a","1651472191419",1681329145.90992,1681329419.61311,1681329431.07461,0,"Triangle (▲)",38.8,"",0.464158883361278,2.95249913802162,"592307b7415b577e56e7a25074657f4a1651472191419",46.4
"2dDigital",1,2,"data/pilot/Set85/id-04/Type1-Rep01",7,4,"Type1",10,"592307b7415b577e56e7a25074657f4a","1651472191419",1681329145.90992,1681329431.15243,1681329440.95835,0,"Triangle (▲)",33.8,NA,0.464158883361278,3.67139396537377,"592307b7415b577e56e7a25074657f4a1651472191419",46.4
"3dPrint",6,2,"data/pilot/Set85/id-06/Type1-Rep01",11,6,"Type1",10,"592307b7415b577e56e7a25074657f4a","1651472191419",1681329145.90992,1681329457.92024,1681329472.89368,0,"Triangle (▲)",16.7,"",0.261015721568254,3.25195719819031,"592307b7415b577e56e7a25074657f4a1651472191419",26.1
"3dDigital",1,2,"data/pilot/Set85/id-04/Type1-Rep01",7,4,"Type1",10,"592307b7415b577e56e7a25074657f4a","1651472191419",1681329145.90992,1681329472.9741,1681329493.09382,0,"Triangle (▲)",26,NA,0.464158883361278,4.36042667042921,"592307b7415b577e56e7a25074657f4a1651472191419",46.4
"3dPrint",3,1,"data/pilot/Set85/id-09/Type3-Rep01",14,9,"Type3",14,"b511f62a39f414d283a5ff518d1d7c3b","2097518",1681329844.35068,1681329863.12769,1681329896.17055,0,"Triangle (▲)",85.3,"",0.825404185268019,1.52836201199278,"b511f62a39f414d283a5ff518d1d7c3b2097518",82.5
"2dDigital",5,2,"data/pilot/Set85/id-03/Type1-Rep01",5,3,"Type1",14,"b511f62a39f414d283a5ff518d1d7c3b","2097518",1681329844.35068,1681329896.26084,1681329908.25483,0,"Triangle (▲)",73.1,NA,0.681292069057963,2.34930670066598,"b511f62a39f414d283a5ff518d1d7c3b2097518",68.1
"3dDigital",6,2,"data/pilot/Set85/id-06/Type1-Rep01",11,6,"Type1",14,"b511f62a39f414d283a5ff518d1d7c3b","2097518",1681329844.35068,1681329908.34149,1681329928.77839,0,"Triangle (▲)",17.1,NA,0.261015721568254,3.19007310107042,"b511f62a39f414d283a5ff518d1d7c3b2097518",26.1
"3dDigital",2,1,"data/pilot/Set85/id-05/Type3-Rep01",10,5,"Type3",14,"b511f62a39f414d283a5ff518d1d7c3b","2097518",1681329844.35068,1681329928.84933,1681329946.45326,0,"Triangle (▲)",30.5,NA,0.383118684955729,2.98856990194705,"b511f62a39f414d283a5ff518d1d7c3b2097518",38.3
"3dDigital",3,1,"data/pilot/Set85/id-09/Type3-Rep01",14,9,"Type3",14,"b511f62a39f414d283a5ff518d1d7c3b","2097518",1681329844.35068,1681329946.51958,1681329959.11752,0,"Triangle (▲)",92.4,NA,0.825404185268019,3.31970195504066,"b511f62a39f414d283a5ff518d1d7c3b2097518",82.5
"2dDigital",7,2,"data/pilot/Set85/id-01/Type1-Rep01",1,1,"Type1",14,"b511f62a39f414d283a5ff518d1d7c3b","2097518",1681329844.35068,1681329959.19016,1681329973.94795,0,"Triangle (▲)",14.9,NA,0.177827941003892,1.58870581019557,"b511f62a39f414d283a5ff518d1d7c3b2097518",17.8
"2dDigital",2,1,"data/pilot/Set85/id-05/Type3-Rep01",10,5,"Type3",14,"b511f62a39f414d283a5ff518d1d7c3b","2097518",1681329844.35068,1681329974.02817,1681329989.87479,0,"Triangle (▲)",36,NA,0.383118684955729,1.2850283988233,"b511f62a39f414d283a5ff518d1d7c3b2097518",38.3
"3dPrint",2,1,"data/pilot/Set85/id-05/Type3-Rep01",10,5,"Type3",14,"b511f62a39f414d283a5ff518d1d7c3b","2097518",1681329844.35068,1681329999.14135,1681330021.10957,0,"Triangle (▲)",26.1,"",0.383118684955729,3.62490433222371,"b511f62a39f414d283a5ff518d1d7c3b2097518",38.3
"2dDigital",3,2,"data/pilot/Set85/id-09/Type1-Rep01",13,9,"Type1",14,"b511f62a39f414d283a5ff518d1d7c3b","2097518",1681329844.35068,1681330021.16495,1681330035.8554,0,"Triangle (▲)",82.2,NA,0.825404185268019,-1.10339945399097,"b511f62a39f414d283a5ff518d1d7c3b2097518",82.5
"3dPrint",5,1,"data/pilot/Set85/id-03/Type3-Rep01",6,3,"Type3",14,"b511f62a39f414d283a5ff518d1d7c3b","2097518",1681329844.35068,1681330051.23212,1681330065.29984,0,"Triangle (▲)",68,"",0.681292069057963,-1.97592487169327,"b511f62a39f414d283a5ff518d1d7c3b2097518",68.1
"2dDigital",6,1,"data/pilot/Set85/id-06/Type3-Rep01",12,6,"Type3",14,"b511f62a39f414d283a5ff518d1d7c3b","2097518",1681329844.35068,1681330065.38572,1681330074.03254,0,"Triangle (▲)",19.8,NA,0.261015721568254,2.68404942946615,"b511f62a39f414d283a5ff518d1d7c3b2097518",26.1
"3dDigital",7,1,"data/pilot/Set85/id-01/Type3-Rep01",2,1,"Type3",14,"b511f62a39f414d283a5ff518d1d7c3b","2097518",1681329844.35068,1681330074.11992,1681330089.06924,0,"Triangle (▲)",16.4,NA,0.177827941003892,0.592439432168523,"b511f62a39f414d283a5ff518d1d7c3b2097518",17.8
"3dDigital",5,2,"data/pilot/Set85/id-03/Type1-Rep01",5,3,"Type1",14,"b511f62a39f414d283a5ff518d1d7c3b","2097518",1681329844.35068,1681330089.14,1681330097.45401,0,"Triangle (▲)",65.6,NA,0.681292069057963,1.40828083880581,"b511f62a39f414d283a5ff518d1d7c3b2097518",68.1
"3dPrint",7,2,"data/pilot/Set85/id-01/Type1-Rep01",1,1,"Type1",14,"b511f62a39f414d283a5ff518d1d7c3b","2097518",1681329844.35068,1681330107.9723,1681330125.36549,0,"Triangle (▲)",12.7,"",0.177827941003892,2.38067241005894,"b511f62a39f414d283a5ff518d1d7c3b2097518",17.8
"3dPrint",6,2,"data/pilot/Set85/id-06/Type1-Rep01",11,6,"Type1",14,"b511f62a39f414d283a5ff518d1d7c3b","2097518",1681329844.35068,1681330129.09507,1681330161.25961,0,"Triangle (▲)",27.5,"",0.261015721568254,0.607321168708713,"b511f62a39f414d283a5ff518d1d7c3b2097518",26.1
"3dPrint",2,1,"data/pilot/Set85/id-05/Type3-Rep01",10,5,"Type3",4,"646a1710aab73b810b506b840868e716","79181665",1681392032.47151,1681392045.60693,1681392112.52516,0,"Triangle (▲)",28.7,"",0.383118684955729,3.28345785728478,"646a1710aab73b810b506b840868e71679181665",38.3
"3dDigital",2,1,"data/pilot/Set85/id-05/Type3-Rep01",10,5,"Type3",4,"646a1710aab73b810b506b840868e716","79181665",1681392032.47151,1681392112.6406,1681392142.77478,0,"Triangle (▲)",21.4,NA,0.383118684955729,4.09058827663155,"646a1710aab73b810b506b840868e71679181665",38.3
"3dDigital",4,2,"data/pilot/Set85/id-02/Type1-Rep01",3,2,"Type1",4,"646a1710aab73b810b506b840868e716","79181665",1681392032.47151,1681392142.83006,1681392158.79255,0,"Triangle (▲)",46.3,NA,0.56234132519035,3.33043399004584,"646a1710aab73b810b506b840868e71679181665",56.2
"2dDigital",3,1,"data/pilot/Set85/id-09/Type3-Rep01",14,9,"Type3",4,"646a1710aab73b810b506b840868e716","79181665",1681392032.47151,1681392158.86777,1681392184.30503,0,"Triangle (▲)",81.4,NA,0.825404185268019,0.33961462340067,"646a1710aab73b810b506b840868e71679181665",82.5
"2dDigital",4,2,"data/pilot/Set85/id-02/Type1-Rep01",3,2,"Type1",4,"646a1710aab73b810b506b840868e716","79181665",1681392032.47151,1681392184.37626,1681392200.43875,0,"Triangle (▲)",51.2,NA,0.56234132519035,2.36712850446678,"646a1710aab73b810b506b840868e71679181665",56.2
"3dDigital",6,2,"data/pilot/Set85/id-06/Type1-Rep01",11,6,"Type1",4,"646a1710aab73b810b506b840868e716","79181665",1681392032.47151,1681392200.52872,1681392216.74361,0,"Triangle (▲)",18,NA,0.261015721568254,3.04029141454545,"646a1710aab73b810b506b840868e71679181665",26.1
"2dDigital",6,2,"data/pilot/Set85/id-06/Type1-Rep01",11,6,"Type1",4,"646a1710aab73b810b506b840868e716","79181665",1681392032.47151,1681392216.81434,1681392230.91947,0,"Triangle (▲)",18.9,NA,0.261015721568254,2.87313837038619,"646a1710aab73b810b506b840868e71679181665",26.1
"2dDigital",7,2,"data/pilot/Set85/id-01/Type1-Rep01",1,1,"Type1",4,"646a1710aab73b810b506b840868e716","79181665",1681392032.47151,1681392231.01075,1681392242.73562,0,"Triangle (▲)",11.5,NA,0.177827941003892,2.67982779083029,"646a1710aab73b810b506b840868e71679181665",17.8
"3dDigital",3,1,"data/pilot/Set85/id-09/Type3-Rep01",14,9,"Type3",4,"646a1710aab73b810b506b840868e716","79181665",1681392032.47151,1681392242.82319,1681392262.38314,0,"Triangle (▲)",80.5,NA,0.825404185268019,1.11464589247474,"646a1710aab73b810b506b840868e71679181665",82.5
"3dPrint",3,1,"data/pilot/Set85/id-09/Type3-Rep01",14,9,"Type3",4,"646a1710aab73b810b506b840868e716","79181665",1681392032.47151,1681392281.07054,1681392296.58528,0,"Triangle (▲)",82.6,"",0.825404185268019,-2.43767034074781,"646a1710aab73b810b506b840868e71679181665",82.5
"3dPrint",4,1,"data/pilot/Set85/id-02/Type3-Rep01",4,2,"Type3",4,"646a1710aab73b810b506b840868e716","79181665",1681392032.47151,1681392322.83221,1681392341.91483,0,"Triangle (▲)",70.9,"",0.56234132519035,3.886634763537,"646a1710aab73b810b506b840868e71679181665",56.2
"3dPrint",6,1,"data/pilot/Set85/id-06/Type3-Rep01",12,6,"Type3",4,"646a1710aab73b810b506b840868e716","79181665",1681392032.47151,1681392356.63234,1681392389.42383,0,"Triangle (▲)",17.7,"",0.261015721568254,3.09196586741996,"646a1710aab73b810b506b840868e71679181665",26.1
"3dPrint",7,2,"data/pilot/Set85/id-01/Type1-Rep01",1,1,"Type1",4,"646a1710aab73b810b506b840868e716","79181665",1681392032.47151,1681392400.31017,1681392419.99769,0,"Triangle (▲)",14.3,"",0.177827941003892,1.85111700521645,"646a1710aab73b810b506b840868e71679181665",17.8
"2dDigital",2,1,"data/pilot/Set85/id-05/Type3-Rep01",10,5,"Type3",4,"646a1710aab73b810b506b840868e716","79181665",1681392032.47151,1681392420.06353,1681392439.74644,0,"Triangle (▲)",28.7,NA,0.383118684955729,3.28345785728478,"646a1710aab73b810b506b840868e71679181665",38.3
"3dDigital",7,1,"data/pilot/Set85/id-01/Type3-Rep01",2,1,"Type3",4,"646a1710aab73b810b506b840868e716","79181665",1681392032.47151,1681392439.82249,1681392462.95837,0,"Triangle (▲)",16.5,NA,0.177827941003892,0.493436345289731,"646a1710aab73b810b506b840868e71679181665",17.8
"3dDigital",1,1,"data/pilot/Set85/id-04/Type3-Rep01",8,4,"Type3",19,"56231d27899dc0b7d54989ea4a7961dd","11441",1681482162.11304,1681482162.19283,1681482216.94177,0,"Triangle (▲)",55.6,NA,0.464158883361278,3.21864350298563,"56231d27899dc0b7d54989ea4a7961dd11441",46.4
"3dDigital",4,1,"data/pilot/Set85/id-02/Type3-Rep01",4,2,"Type3",19,"56231d27899dc0b7d54989ea4a7961dd","11441",1681482162.11304,1681482217.04062,1681482236.55306,0,"Triangle (▲)",69.8,NA,0.56234132519035,3.77514195644565,"56231d27899dc0b7d54989ea4a7961dd11441",56.2
"3dPrint",2,1,"data/pilot/Set85/id-05/Type3-Rep01",10,5,"Type3",19,"56231d27899dc0b7d54989ea4a7961dd","11441",1681482162.11304,1681482261.68147,1681482277.65103,0,"Triangle (▲)",35.8,"",0.383118684955729,1.39882562371835,"56231d27899dc0b7d54989ea4a7961dd11441",38.3
"3dDigital",6,1,"data/pilot/Set85/id-06/Type3-Rep01",12,6,"Type3",19,"56231d27899dc0b7d54989ea4a7961dd","11441",1681482162.11304,1681482277.76879,1681482298.56248,0,"Triangle (▲)",17.2,NA,0.261015721568254,3.17417822788047,"56231d27899dc0b7d54989ea4a7961dd11441",26.1
"3dPrint",5,1,"data/pilot/Set85/id-03/Type3-Rep01",6,3,"Type3",19,"56231d27899dc0b7d54989ea4a7961dd","11441",1681482162.11304,1681482322.78148,1681482334.24256,0,"Triangle (▲)",66,"",0.681292069057963,1.17261994153792,"56231d27899dc0b7d54989ea4a7961dd11441",68.1
"2dDigital",5,1,"data/pilot/Set85/id-03/Type3-Rep01",6,3,"Type3",19,"56231d27899dc0b7d54989ea4a7961dd","11441",1681482162.11304,1681482334.35868,1681482347.18898,0,"Triangle (▲)",72.8,NA,0.681292069057963,2.26176941763342,"56231d27899dc0b7d54989ea4a7961dd11441",68.1
"3dDigital",5,2,"data/pilot/Set85/id-03/Type1-Rep01",5,3,"Type1",19,"56231d27899dc0b7d54989ea4a7961dd","11441",1681482162.11304,1681482347.30502,1681482361.09336,0,"Triangle (▲)",74.2,NA,0.681292069057963,2.63128896676299,"56231d27899dc0b7d54989ea4a7961dd11441",68.1
"3dDigital",2,2,"data/pilot/Set85/id-05/Type1-Rep01",9,5,"Type1",19,"56231d27899dc0b7d54989ea4a7961dd","11441",1681482162.11304,1681482361.15758,1681482373.70183,0,"Triangle (▲)",42.1,NA,0.383118684955729,1.96832359416331,"56231d27899dc0b7d54989ea4a7961dd11441",38.3
"2dDigital",1,2,"data/pilot/Set85/id-04/Type1-Rep01",7,4,"Type1",19,"56231d27899dc0b7d54989ea4a7961dd","11441",1681482162.11304,1681482373.77825,1681482384.79103,0,"Triangle (▲)",48.1,NA,0.464158883361278,0.855281458231621,"56231d27899dc0b7d54989ea4a7961dd11441",46.4
"2dDigital",2,2,"data/pilot/Set85/id-05/Type1-Rep01",9,5,"Type1",19,"56231d27899dc0b7d54989ea4a7961dd","11441",1681482162.11304,1681482384.89092,1681482392.02551,0,"Triangle (▲)",37.7,NA,0.383118684955729,-0.440520921581987,"56231d27899dc0b7d54989ea4a7961dd11441",38.3
"3dPrint",4,1,"data/pilot/Set85/id-02/Type3-Rep01",4,2,"Type3",19,"56231d27899dc0b7d54989ea4a7961dd","11441",1681482162.11304,1681482409.58728,1681482426.86739,0,"Triangle (▲)",50,"",0.56234132519035,2.66882997371014,"56231d27899dc0b7d54989ea4a7961dd11441",56.2
"3dPrint",6,1,"data/pilot/Set85/id-06/Type3-Rep01",12,6,"Type3",19,"56231d27899dc0b7d54989ea4a7961dd","11441",1681482162.11304,1681482443.06692,1681482453.46368,0,"Triangle (▲)",19.4,"",0.261015721568254,2.77116133638549,"56231d27899dc0b7d54989ea4a7961dd11441",26.1
"3dPrint",1,1,"data/pilot/Set85/id-04/Type3-Rep01",8,4,"Type3",19,"56231d27899dc0b7d54989ea4a7961dd","11441",1681482162.11304,1681482465.62558,1681482475.61503,0,"Triangle (▲)",46.6,"",0.464158883361278,-1.69380000169698,"56231d27899dc0b7d54989ea4a7961dd11441",46.4
"2dDigital",6,2,"data/pilot/Set85/id-06/Type1-Rep01",11,6,"Type1",19,"56231d27899dc0b7d54989ea4a7961dd","11441",1681482162.11304,1681482475.7277,1681482490.56984,0,"Triangle (▲)",19.4,NA,0.261015721568254,2.77116133638549,"56231d27899dc0b7d54989ea4a7961dd11441",26.1
"2dDigital",4,2,"data/pilot/Set85/id-02/Type1-Rep01",3,2,"Type1",19,"56231d27899dc0b7d54989ea4a7961dd","11441",1681482162.11304,1681482490.68243,1681482499.38016,0,"Triangle (▲)",76.1,NA,0.56234132519035,4.32126917243923,"56231d27899dc0b7d54989ea4a7961dd11441",56.2
"3dDigital",4,2,"data/pilot/Set85/id-02/Type1-Rep01",3,2,"Type1",3,"f771694e743b36b0355c9386c8e9a7fa","512516811420",1681497257.26824,1681497317.3701,1681497362.82238,0,"Triangle (▲)",69.8,NA,0.56234132519035,3.77514195644565,"f771694e743b36b0355c9386c8e9a7fa512516811420",56.2
"2dDigital",4,2,"data/pilot/Set85/id-02/Type1-Rep01",3,2,"Type1",3,"f771694e743b36b0355c9386c8e9a7fa","512516811420",1681497257.26824,1681497526.31786,1681497542.02127,0,"Triangle (▲)",42.6,NA,0.56234132519035,3.78231760926329,"f771694e743b36b0355c9386c8e9a7fa512516811420",56.2
"2dDigital",6,2,"data/pilot/Set85/id-06/Type1-Rep01",11,6,"Type1",3,"f771694e743b36b0355c9386c8e9a7fa","512516811420",1681497257.26824,1681497542.12196,1681497560.5507,0,"Triangle (▲)",24.6,NA,0.261015721568254,0.701834823599515,"f771694e743b36b0355c9386c8e9a7fa512516811420",26.1
"3dPrint",3,2,"data/pilot/Set85/id-09/Type1-Rep01",13,9,"Type1",3,"f771694e743b36b0355c9386c8e9a7fa","512516811420",1681497257.26824,1681497579.66394,1681497590.07625,0,"Triangle (▲)",22.2,"",0.825404185268019,5.91803836481342,"f771694e743b36b0355c9386c8e9a7fa512516811420",82.5
"3dDigital",2,2,"data/pilot/Set85/id-05/Type1-Rep01",9,5,"Type1",3,"f771694e743b36b0355c9386c8e9a7fa","512516811420",1681497257.26824,1681497590.16934,1681497613.1109,0,"Triangle (▲)",25.4,NA,0.383118684955729,3.70452546534124,"f771694e743b36b0355c9386c8e9a7fa512516811420",38.3
"3dPrint",6,2,"data/pilot/Set85/id-06/Type1-Rep01",11,6,"Type1",3,"f771694e743b36b0355c9386c8e9a7fa","512516811420",1681497257.26824,1681497826.09075,1681497846.34354,0,"Triangle (▲)",80.7,"",0.261015721568254,5.77408669750626,"f771694e743b36b0355c9386c8e9a7fa512516811420",26.1
"3dPrint",4,1,"data/pilot/Set85/id-02/Type3-Rep01",4,2,"Type3",3,"f771694e743b36b0355c9386c8e9a7fa","512516811420",1681497257.26824,1681497861.34911,1681497879.32226,0,"Triangle (▲)",78.3,"",0.56234132519035,4.47189416107141,"f771694e743b36b0355c9386c8e9a7fa512516811420",56.2
"2dDigital",2,2,"data/pilot/Set85/id-05/Type1-Rep01",9,5,"Type1",3,"f771694e743b36b0355c9386c8e9a7fa","512516811420",1681497257.26824,1681497879.43253,1681497890.13926,0,"Triangle (▲)",23.5,NA,0.383118684955729,3.90080581467101,"f771694e743b36b0355c9386c8e9a7fa512516811420",38.3
"2dDigital",3,1,"data/pilot/Set85/id-09/Type3-Rep01",14,9,"Type3",3,"f771694e743b36b0355c9386c8e9a7fa","512516811420",1681497257.26824,1681497890.25227,1681497906.40543,0,"Triangle (▲)",93.9,NA,0.825404185268019,3.52162637715448,"f771694e743b36b0355c9386c8e9a7fa512516811420",82.5
"2dDigital",1,2,"data/pilot/Set85/id-04/Type1-Rep01",7,4,"Type1",18,"12c54e1493e65d68b3340520110f3c38","16514721914",1681500464.25648,1681500464.31158,1681500480.833,0,"Triangle (▲)",49.2,NA,0.464158883361278,1.54057867417038,"12c54e1493e65d68b3340520110f3c3816514721914",46.4
"3dDigital",5,1,"data/pilot/Set85/id-03/Type3-Rep01",6,3,"Type3",18,"12c54e1493e65d68b3340520110f3c38","16514721914",1681500464.25648,1681500480.92134,1681500534.9067,8,"Triangle (▲)",50,NA,0.681292069057963,4.19015708395979,"12c54e1493e65d68b3340520110f3c3816514721914",68.1
"3dDigital",3,2,"data/pilot/Set85/id-09/Type1-Rep01",13,9,"Type1",18,"12c54e1493e65d68b3340520110f3c38","16514721914",1681500464.25648,1681500534.97362,1681500571.51804,0,"Triangle (▲)",89,NA,0.825404185268019,2.7190917433321,"12c54e1493e65d68b3340520110f3c3816514721914",82.5
"3dDigital",2,2,"data/pilot/Set85/id-05/Type1-Rep01",9,5,"Type1",18,"12c54e1493e65d68b3340520110f3c38","16514721914",1681500464.25648,1681500571.589,1681500609.18121,0,"Triangle (▲)",23.7,NA,0.383118684955729,3.88135808703553,"12c54e1493e65d68b3340520110f3c3816514721914",38.3
"3dDigital",1,2,"data/pilot/Set85/id-04/Type1-Rep01",7,4,"Type1",18,"12c54e1493e65d68b3340520110f3c38","16514721914",1681500464.25648,1681500609.24268,1681500648.99942,0,"Triangle (▲)",50,NA,0.464158883361278,1.89107370124338,"12c54e1493e65d68b3340520110f3c3816514721914",46.4
"2dDigital",7,2,"data/pilot/Set85/id-01/Type1-Rep01",1,1,"Type1",18,"12c54e1493e65d68b3340520110f3c38","16514721914",1681500464.25648,1681500649.04812,1681500662.85548,0,"Triangle (▲)",15.4,NA,0.177827941003892,1.3264189021505,"12c54e1493e65d68b3340520110f3c3816514721914",17.8
"2dDigital",2,1,"data/pilot/Set85/id-05/Type3-Rep01",10,5,"Type3",18,"12c54e1493e65d68b3340520110f3c38","16514721914",1681500464.25648,1681500662.92093,1681500690.78574,0,"Triangle (▲)",32.4,NA,0.383118684955729,2.59380037447327,"12c54e1493e65d68b3340520110f3c3816514721914",38.3
"3dPrint",5,2,"data/pilot/Set85/id-03/Type1-Rep01",5,3,"Type1",18,"12c54e1493e65d68b3340520110f3c38","16514721914",1681500464.25648,1681500719.63819,1681500732.33925,0,"Triangle (▲)",76.6,"",0.681292069057963,3.10363075666532,"12c54e1493e65d68b3340520110f3c3816514721914",68.1
"3dPrint",7,1,"data/pilot/Set85/id-01/Type3-Rep01",2,1,"Type3",18,"12c54e1493e65d68b3340520110f3c38","16514721914",1681500464.25648,1681500751.15923,1681500763.70762,0,"Triangle (▲)",9.2,"",0.177827941003892,3.12230729477241,"12c54e1493e65d68b3340520110f3c3816514721914",17.8
"3dPrint",3,2,"data/pilot/Set85/id-09/Type1-Rep01",13,9,"Type1",18,"12c54e1493e65d68b3340520110f3c38","16514721914",1681500464.25648,1681500778.4635,1681500789.5395,0,"Triangle (▲)",95.3,"",0.825404185268019,3.68757377012539,"12c54e1493e65d68b3340520110f3c3816514721914",82.5
"2dDigital",3,1,"data/pilot/Set85/id-09/Type3-Rep01",14,9,"Type3",18,"12c54e1493e65d68b3340520110f3c38","16514721914",1681500464.25648,1681500789.63078,1681500806.17345,0,"Triangle (▲)",94.4,NA,0.825404185268019,3.58310762280769,"12c54e1493e65d68b3340520110f3c3816514721914",82.5
"3dPrint",2,2,"data/pilot/Set85/id-05/Type1-Rep01",9,5,"Type1",18,"12c54e1493e65d68b3340520110f3c38","16514721914",1681500464.25648,1681500813.83429,1681500831.41878,0,"Triangle (▲)",40.2,"",0.383118684955729,1.00944141696276,"12c54e1493e65d68b3340520110f3c3816514721914",38.3
"3dDigital",7,2,"data/pilot/Set85/id-01/Type1-Rep01",1,1,"Type1",18,"12c54e1493e65d68b3340520110f3c38","16514721914",1681500464.25648,1681500831.49321,1681500846.33534,0,"Triangle (▲)",8.9,NA,0.177827941003892,3.17117385075936,"12c54e1493e65d68b3340520110f3c3816514721914",17.8
"3dPrint",1,1,"data/pilot/Set85/id-04/Type3-Rep01",8,4,"Type3",18,"12c54e1493e65d68b3340520110f3c38","16514721914",1681500464.25648,1681500856.85933,1681500868.67819,0,"Triangle (▲)",50,"",0.464158883361278,1.89107370124338,"12c54e1493e65d68b3340520110f3c3816514721914",46.4
"2dDigital",5,2,"data/pilot/Set85/id-03/Type1-Rep01",5,3,"Type1",18,"12c54e1493e65d68b3340520110f3c38","16514721914",1681500464.25648,1681500868.74642,1681500881.64109,0,"Triangle (▲)",68.6,NA,0.681292069057963,-0.747116693380914,"12c54e1493e65d68b3340520110f3c3816514721914",68.1
"3dPrint",2,2,"data/pilot/Set85/id-05/Type1-Rep01",9,5,"Type1",17,"2b8b10a63f1e542f1bbb96acac701519","91514",1681503100.06463,1681503122.94452,1681503154.12184,0,"Triangle (▲)",12.7,"",0.383118684955729,4.68576462083347,"2b8b10a63f1e542f1bbb96acac70151991514",38.3
"3dDigital",4,1,"data/pilot/Set85/id-02/Type3-Rep01",4,2,"Type3",17,"2b8b10a63f1e542f1bbb96acac701519","91514",1681503100.06463,1681503154.22007,1681503167.20613,0,"Triangle (▲)",27.5,NA,0.56234132519035,4.85095602918301,"2b8b10a63f1e542f1bbb96acac70151991514",56.2
"3dDigital",4,1,"data/pilot/Set85/id-02/Type3-Rep01",4,2,"Type3",1,"32451fe593469dd70367cc2b7f58bd25","16514721914",1681569220.89274,1681569220.96873,1681569317.79837,2,"Triangle (▲)",47.4,NA,0.56234132519035,3.16335904801123,"32451fe593469dd70367cc2b7f58bd2516514721914",56.2
"2dDigital",2,2,"data/pilot/Set85/id-05/Type1-Rep01",9,5,"Type1",1,"32451fe593469dd70367cc2b7f58bd25","16514721914",1681569220.89274,1681569317.8692,1681569332.25658,0,"Triangle (▲)",31.5,NA,0.383118684955729,2.7942845352115,"32451fe593469dd70367cc2b7f58bd2516514721914",38.3
"3dDigital",1,1,"data/pilot/Set85/id-04/Type3-Rep01",8,4,"Type3",1,"32451fe593469dd70367cc2b7f58bd25","16514721914",1681569220.89274,1681569332.33671,1681569364.50791,0,"Triangle (▲)",45,NA,0.464158883361278,0.623762317562192,"32451fe593469dd70367cc2b7f58bd2516514721914",46.4
"3dPrint",7,2,"data/pilot/Set85/id-01/Type1-Rep01",1,1,"Type1",1,"32451fe593469dd70367cc2b7f58bd25","16514721914",1681569220.89274,1681569376.16237,1681569396.44646,0,"Triangle (▲)",30.5,"",0.177827941003892,3.68282112967549,"32451fe593469dd70367cc2b7f58bd2516514721914",17.8
"3dPrint",4,1,"data/pilot/Set85/id-02/Type3-Rep01",4,2,"Type3",1,"32451fe593469dd70367cc2b7f58bd25","16514721914",1681569220.89274,1681569410.41467,1681569436.64292,0,"Triangle (▲)",47.9,"",0.56234132519035,3.08050972307867,"32451fe593469dd70367cc2b7f58bd2516514721914",56.2
"2dDigital",1,2,"data/pilot/Set85/id-04/Type1-Rep01",7,4,"Type1",1,"32451fe593469dd70367cc2b7f58bd25","16514721914",1681569220.89274,1681569436.73255,1681569448.90915,0,"Triangle (▲)",38.8,NA,0.464158883361278,2.95249913802162,"32451fe593469dd70367cc2b7f58bd2516514721914",46.4
"3dDigital",7,1,"data/pilot/Set85/id-01/Type3-Rep01",2,1,"Type3",1,"32451fe593469dd70367cc2b7f58bd25","16514721914",1681569220.89274,1681569449.00724,1681569465.17313,0,"Triangle (▲)",13.4,NA,0.177827941003892,2.17242161996192,"32451fe593469dd70367cc2b7f58bd2516514721914",17.8
"2dDigital",7,1,"data/pilot/Set85/id-01/Type3-Rep01",2,1,"Type3",1,"32451fe593469dd70367cc2b7f58bd25","16514721914",1681569220.89274,1681569465.26093,1681569475.57912,0,"Triangle (▲)",13.2,NA,0.177827941003892,2.23505122419047,"32451fe593469dd70367cc2b7f58bd2516514721914",17.8
"3dPrint",1,2,"data/pilot/Set85/id-04/Type1-Rep01",7,4,"Type1",1,"32451fe593469dd70367cc2b7f58bd25","16514721914",1681569220.89274,1681569486.67677,1681569504.09175,0,"Triangle (▲)",36.2,"",0.464158883361278,3.37028822087644,"32451fe593469dd70367cc2b7f58bd2516514721914",46.4
"2dDigital",4,2,"data/pilot/Set85/id-02/Type1-Rep01",3,2,"Type1",1,"32451fe593469dd70367cc2b7f58bd25","16514721914",1681569220.89274,1681569504.15815,1681569522.82894,0,"Triangle (▲)",55.9,NA,0.56234132519035,-1.12301747728044,"32451fe593469dd70367cc2b7f58bd2516514721914",56.2
"3dPrint",5,1,"data/pilot/Set85/id-03/Type3-Rep01",6,3,"Type3",1,"32451fe593469dd70367cc2b7f58bd25","16514721914",1681569220.89274,1681569532.93736,1681569560.32771,0,"Triangle (▲)",61.6,"",0.681292069057963,2.73426672605328,"32451fe593469dd70367cc2b7f58bd2516514721914",68.1
"3dDigital",2,2,"data/pilot/Set85/id-05/Type1-Rep01",9,5,"Type1",1,"32451fe593469dd70367cc2b7f58bd25","16514721914",1681569220.89274,1681569560.42109,1681569577.85124,0,"Triangle (▲)",32.9,NA,0.383118684955729,2.46907025727776,"32451fe593469dd70367cc2b7f58bd2516514721914",38.3
"3dPrint",NA,NA,"Other",1,NA,"Type1",1,"32451fe593469dd70367cc2b7f58bd25","16514721914",1681569220.89274,1681569560.42109,1681569626.94876,0,"Triangle (▲)",8.7,"id-01/Type1-Rep01",0.177827941003892,3.20285557308042,"32451fe593469dd70367cc2b7f58bd2516514721914",17.8
"3dDigital",5,2,"data/pilot/Set85/id-03/Type1-Rep01",5,3,"Type1",1,"32451fe593469dd70367cc2b7f58bd25","16514721914",1681569220.89274,1681569627.03951,1681569644.60601,0,"Triangle (▲)",69.5,NA,0.681292069057963,0.580910628026018,"32451fe593469dd70367cc2b7f58bd2516514721914",68.1
"2dDigital",5,2,"data/pilot/Set85/id-03/Type1-Rep01",5,3,"Type1",1,"32451fe593469dd70367cc2b7f58bd25","16514721914",1681569220.89274,1681569644.66045,1681569653.30152,0,"Triangle (▲)",78,NA,0.681292069057963,3.32132103897407,"32451fe593469dd70367cc2b7f58bd2516514721914",68.1
"3dPrint",6,2,"data/pilot/Set85/id-06/Type1-Rep01",11,6,"Type1",3,"c125be4bd988615c6d11ce0f0e737694","141523515161184",1681600674.51755,1681600719.35454,1681600781.33027,0,"Triangle (▲)",14.9,"",0.261015721568254,3.50163940877355,"c125be4bd988615c6d11ce0f0e737694141523515161184",26.1
"3dPrint",3,2,"data/pilot/Set85/id-09/Type1-Rep01",13,9,"Type1",3,"c125be4bd988615c6d11ce0f0e737694","141523515161184",1681600674.51755,1681600805.44539,1681600851.43129,0,"Triangle (▲)",87.1,"",0.825404185268019,2.2279201613288,"c125be4bd988615c6d11ce0f0e737694141523515161184",82.5
"3dDigital",5,1,"data/pilot/Set85/id-03/Type3-Rep01",6,3,"Type3",3,"c125be4bd988615c6d11ce0f0e737694","141523515161184",1681600674.51755,1681600851.4975,1681600967.58074,14,"Triangle (▲)",77,NA,0.681292069057963,3.1692504791016,"c125be4bd988615c6d11ce0f0e737694141523515161184",68.1
"3dDigital",2,2,"data/pilot/Set85/id-05/Type1-Rep01",9,5,"Type1",3,"c125be4bd988615c6d11ce0f0e737694","141523515161184",1681600674.51755,1681600967.65687,1681600990.04069,2,"Triangle (▲)",26.4,NA,0.383118684955729,3.58938820513021,"c125be4bd988615c6d11ce0f0e737694141523515161184",38.3
"3dPrint",5,1,"data/pilot/Set85/id-03/Type3-Rep01",6,3,"Type3",3,"c125be4bd988615c6d11ce0f0e737694","141523515161184",1681600674.51755,1681601006.08941,1681601044.01171,0,"Triangle (▲)",77.6,"",0.681292069057963,3.26240205037995,"c125be4bd988615c6d11ce0f0e737694141523515161184",68.1
"2dDigital",5,1,"data/pilot/Set85/id-03/Type3-Rep01",6,3,"Type3",3,"c125be4bd988615c6d11ce0f0e737694","141523515161184",1681600674.51755,1681601044.12051,1681601071.04077,0,"Triangle (▲)",84.1,NA,0.681292069057963,4.00861175992197,"c125be4bd988615c6d11ce0f0e737694141523515161184",68.1
"2dDigital",3,1,"data/pilot/Set85/id-09/Type3-Rep01",14,9,"Type3",3,"c125be4bd988615c6d11ce0f0e737694","141523515161184",1681600674.51755,1681601071.14081,1681601096.88069,0,"Triangle (▲)",91.3,NA,0.825404185268019,3.15130381668578,"c125be4bd988615c6d11ce0f0e737694141523515161184",82.5
"2dDigital",6,2,"data/pilot/Set85/id-06/Type1-Rep01",11,6,"Type1",3,"c125be4bd988615c6d11ce0f0e737694","141523515161184",1681600674.51755,1681601096.97733,1681601108.15377,0,"Triangle (▲)",12.7,NA,0.261015721568254,3.7577243792197,"c125be4bd988615c6d11ce0f0e737694141523515161184",26.1
"3dPrint",2,1,"data/pilot/Set85/id-05/Type3-Rep01",10,5,"Type3",3,"c125be4bd988615c6d11ce0f0e737694","141523515161184",1681600674.51755,1681601141.94009,1681601154.54598,0,"Triangle (▲)",17.4,"",0.383118684955729,4.39484805892126,"c125be4bd988615c6d11ce0f0e737694141523515161184",38.3
"3dDigital",3,1,"data/pilot/Set85/id-09/Type3-Rep01",14,9,"Type3",3,"c125be4bd988615c6d11ce0f0e737694","141523515161184",1681600674.51755,1681601154.64256,1681601175.71489,2,"Triangle (▲)",86.1,NA,0.825404185268019,1.88150075477947,"c125be4bd988615c6d11ce0f0e737694141523515161184",82.5
"2dDigital",4,2,"data/pilot/Set85/id-02/Type1-Rep01",3,2,"Type1",3,"c125be4bd988615c6d11ce0f0e737694","141523515161184",1681600674.51755,1681601175.79224,1681601202.72596,0,"Triangle (▲)",56.9,NA,0.56234132519035,-0.338492120254166,"c125be4bd988615c6d11ce0f0e737694141523515161184",56.2
"3dDigital",6,1,"data/pilot/Set85/id-06/Type3-Rep01",12,6,"Type3",3,"c125be4bd988615c6d11ce0f0e737694","141523515161184",1681600674.51755,1681601202.82126,1681601217.36064,1,"Triangle (▲)",15.7,NA,0.261015721568254,3.39596381259443,"c125be4bd988615c6d11ce0f0e737694141523515161184",26.1
"3dDigital",4,2,"data/pilot/Set85/id-02/Type1-Rep01",3,2,"Type1",3,"c125be4bd988615c6d11ce0f0e737694","141523515161184",1681600674.51755,1681601217.4385,1681601255.92018,6,"Triangle (▲)",53.2,NA,0.56234132519035,1.65952845640883,"c125be4bd988615c6d11ce0f0e737694141523515161184",56.2
"3dPrint",4,1,"data/pilot/Set85/id-02/Type3-Rep01",4,2,"Type3",3,"c125be4bd988615c6d11ce0f0e737694","141523515161184",1681600674.51755,1681601267.84443,1681601288.6049,0,"Triangle (▲)",50,"",0.56234132519035,2.66882997371014,"c125be4bd988615c6d11ce0f0e737694141523515161184",56.2
"2dDigital",2,2,"data/pilot/Set85/id-05/Type1-Rep01",9,5,"Type1",3,"c125be4bd988615c6d11ce0f0e737694","141523515161184",1681600674.51755,1681601288.69533,1681601303.08996,0,"Triangle (▲)",26.6,NA,0.383118684955729,3.56521555394044,"c125be4bd988615c6d11ce0f0e737694141523515161184",38.3
"2dDigital",2,2,"data/pilot/Set85/id-05/Type1-Rep01",9,5,"Type1",11,"e776ca90db8241fc25b36b7566318a02","151411525",1681611410.5473,1681611410.62654,1681611453.68252,0,"Triangle (▲)",33.4,NA,0.383118684955729,2.33252706507164,"e776ca90db8241fc25b36b7566318a02151411525",38.3
"3dPrint",1,1,"data/pilot/Set85/id-04/Type3-Rep01",8,4,"Type3",11,"e776ca90db8241fc25b36b7566318a02","151411525",1681611410.5473,1681611508.21707,1681611539.51183,0,"Triangle (▲)",50,"",0.464158883361278,1.89107370124338,"e776ca90db8241fc25b36b7566318a02151411525",46.4
"3dPrint",6,2,"data/pilot/Set85/id-06/Type1-Rep01",11,6,"Type1",11,"e776ca90db8241fc25b36b7566318a02","151411525",1681611410.5473,1681611570.37787,1681611635.13356,0,"Triangle (▲)",13.4,"",0.261015721568254,3.68106376312486,"e776ca90db8241fc25b36b7566318a02151411525",26.1
"3dDigital",6,1,"data/pilot/Set85/id-06/Type3-Rep01",12,6,"Type3",11,"e776ca90db8241fc25b36b7566318a02","151411525",1681611410.5473,1681611635.22603,1681611673.90659,0,"Triangle (▲)",12.9,NA,0.261015721568254,3.73623383493088,"e776ca90db8241fc25b36b7566318a02151411525",26.1
"2dDigital",4,1,"data/pilot/Set85/id-02/Type3-Rep01",4,2,"Type3",11,"e776ca90db8241fc25b36b7566318a02","151411525",1681611410.5473,1681611673.9848,1681611712.66121,0,"Triangle (▲)",71.9,NA,0.56234132519035,3.98101852359719,"e776ca90db8241fc25b36b7566318a02151411525",56.2
"3dDigital",1,2,"data/pilot/Set85/id-04/Type1-Rep01",7,4,"Type1",11,"e776ca90db8241fc25b36b7566318a02","151411525",1681611410.5473,1681611712.74497,1681611746.53229,0,"Triangle (▲)",31.9,NA,0.464158883361278,3.87193118670911,"e776ca90db8241fc25b36b7566318a02151411525",46.4
"2dDigital",1,2,"data/pilot/Set85/id-04/Type1-Rep01",7,4,"Type1",11,"e776ca90db8241fc25b36b7566318a02","151411525",1681611410.5473,1681611746.60453,1681611757.88311,0,"Triangle (▲)",50,NA,0.464158883361278,1.89107370124338,"e776ca90db8241fc25b36b7566318a02151411525",46.4
"3dDigital",7,1,"data/pilot/Set85/id-01/Type3-Rep01",2,1,"Type3",11,"e776ca90db8241fc25b36b7566318a02","151411525",1681611410.5473,1681611757.96791,1681611786.5799,0,"Triangle (▲)",9.7,NA,0.177827941003892,3.03699454014657,"e776ca90db8241fc25b36b7566318a02151411525",17.8
"2dDigital",7,2,"data/pilot/Set85/id-01/Type1-Rep01",1,1,"Type1",11,"e776ca90db8241fc25b36b7566318a02","151411525",1681611410.5473,1681611786.65361,1681611807.96826,0,"Triangle (▲)",18.5,NA,0.177827941003892,-0.247755113337382,"e776ca90db8241fc25b36b7566318a02151411525",17.8
"2dDigital",6,1,"data/pilot/Set85/id-06/Type3-Rep01",12,6,"Type3",11,"e776ca90db8241fc25b36b7566318a02","151411525",1681611410.5473,1681611808.06914,1681611832.16628,0,"Triangle (▲)",15.6,NA,0.261015721568254,3.40960439261451,"e776ca90db8241fc25b36b7566318a02151411525",26.1
"3dPrint",4,2,"data/pilot/Set85/id-02/Type1-Rep01",3,2,"Type1",11,"e776ca90db8241fc25b36b7566318a02","151411525",1681611410.5473,1681611843.39358,1681611861.95407,0,"Triangle (▲)",68.5,"",0.56234132519035,3.63120528855444,"e776ca90db8241fc25b36b7566318a02151411525",56.2
"3dDigital",2,1,"data/pilot/Set85/id-05/Type3-Rep01",10,5,"Type3",11,"e776ca90db8241fc25b36b7566318a02","151411525",1681611410.5473,1681611862.03905,1681611889.66508,0,"Triangle (▲)",24.4,NA,0.383118684955729,3.81114921359167,"e776ca90db8241fc25b36b7566318a02151411525",38.3
"3dPrint",7,1,"data/pilot/Set85/id-01/Type3-Rep01",2,1,"Type3",11,"e776ca90db8241fc25b36b7566318a02","151411525",1681611410.5473,1681612859.87074,1681612893.4281,0,"Triangle (▲)",12.4,"",0.177827941003892,2.46147462775543,"e776ca90db8241fc25b36b7566318a02151411525",17.8
"3dDigital",4,2,"data/pilot/Set85/id-02/Type1-Rep01",3,2,"Type1",11,"e776ca90db8241fc25b36b7566318a02","151411525",1681611410.5473,1681612893.52208,1681612907.88351,0,"Triangle (▲)",50,NA,0.56234132519035,2.66882997371014,"e776ca90db8241fc25b36b7566318a02151411525",56.2
"3dPrint",2,1,"data/pilot/Set85/id-05/Type3-Rep01",10,5,"Type3",11,"e776ca90db8241fc25b36b7566318a02","151411525",1681611410.5473,1681612960.37981,1681612999.93879,0,"Triangle (▲)",25.1,"",0.383118684955729,3.73734805554346,"e776ca90db8241fc25b36b7566318a02151411525",38.3
"3dPrint",1,1,"data/pilot/Set85/id-04/Type3-Rep01",8,4,"Type3",5,"dcfbebe6bd99be947e92e21ebeba9203","1611441",1681828976.075,1681828994.37245,1681829015.65542,0,"Triangle (▲)",50,"",0.464158883361278,1.89107370124338,"dcfbebe6bd99be947e92e21ebeba92031611441",46.4
"3dPrint",7,2,"data/pilot/Set85/id-01/Type1-Rep01",1,1,"Type1",5,"dcfbebe6bd99be947e92e21ebeba9203","1611441",1681828976.075,1681829032.81901,1681829075.44049,0,"Triangle (▲)",10.8,"",0.177827941003892,2.82940188977263,"dcfbebe6bd99be947e92e21ebeba92031611441",17.8
"3dDigital",3,2,"data/pilot/Set85/id-09/Type1-Rep01",13,9,"Type1",5,"dcfbebe6bd99be947e92e21ebeba9203","1611441",1681828976.075,1681829075.5039,1681829096.3097,3,"Triangle (▲)",88.5,NA,0.825404185268019,2.60515803084245,"dcfbebe6bd99be947e92e21ebeba92031611441",82.5
"2dDigital",1,1,"data/pilot/Set85/id-04/Type3-Rep01",8,4,"Type3",5,"dcfbebe6bd99be947e92e21ebeba9203","1611441",1681828976.075,1681829096.35643,1681829105.78966,0,"Triangle (▲)",50,NA,0.464158883361278,1.89107370124338,"dcfbebe6bd99be947e92e21ebeba92031611441",46.4
"2dDigital",3,2,"data/pilot/Set85/id-09/Type1-Rep01",13,9,"Type1",5,"dcfbebe6bd99be947e92e21ebeba9203","1611441",1681828976.075,1681829105.88506,1681829115.60559,0,"Triangle (▲)",91.2,NA,0.825404185268019,3.13497355306062,"dcfbebe6bd99be947e92e21ebeba92031611441",82.5
"3dPrint",5,2,"data/pilot/Set85/id-03/Type1-Rep01",5,3,"Type1",5,"dcfbebe6bd99be947e92e21ebeba9203","1611441",1681828976.075,1681829126.36371,1681829136.30007,0,"Triangle (▲)",76.3,"",0.681292069057963,3.05237991226966,"dcfbebe6bd99be947e92e21ebeba92031611441",68.1
"2dDigital",5,2,"data/pilot/Set85/id-03/Type1-Rep01",5,3,"Type1",5,"dcfbebe6bd99be947e92e21ebeba9203","1611441",1681828976.075,1681829136.3923,1681829149.66476,0,"Triangle (▲)",79.7,NA,0.681292069057963,3.54791778935066,"dcfbebe6bd99be947e92e21ebeba92031611441",68.1
"3dDigital",5,1,"data/pilot/Set85/id-03/Type3-Rep01",6,3,"Type3",5,"dcfbebe6bd99be947e92e21ebeba9203","1611441",1681828976.075,1681829149.75344,1681829166.62356,2,"Triangle (▲)",50,NA,0.681292069057963,4.19015708395979,"dcfbebe6bd99be947e92e21ebeba92031611441",68.1
"3dPrint",3,2,"data/pilot/Set85/id-09/Type1-Rep01",13,9,"Type1",5,"dcfbebe6bd99be947e92e21ebeba9203","1611441",1681828976.075,1681829177.72556,1681829211.23444,0,"Triangle (▲)",90.2,"",0.825404185268019,2.96061947696999,"dcfbebe6bd99be947e92e21ebeba92031611441",82.5
"2dDigital",7,1,"data/pilot/Set85/id-01/Type3-Rep01",2,1,"Type3",5,"dcfbebe6bd99be947e92e21ebeba9203","1611441",1681828976.075,1681829211.32147,1681829226.51929,0,"Triangle (▲)",9.1,NA,0.177827941003892,3.13878074344594,"dcfbebe6bd99be947e92e21ebeba92031611441",17.8
"3dPrint",4,2,"data/pilot/Set85/id-02/Type1-Rep01",3,2,"Type1",5,"dcfbebe6bd99be947e92e21ebeba9203","1611441",1681828976.075,1681829231.47433,1681829238.86308,0,"Triangle (▲)",50,"",0.56234132519035,2.66882997371014,"dcfbebe6bd99be947e92e21ebeba92031611441",56.2
"3dDigital",4,2,"data/pilot/Set85/id-02/Type1-Rep01",3,2,"Type1",5,"dcfbebe6bd99be947e92e21ebeba9203","1611441",1681828976.075,1681829238.92996,1681829255.32441,2,"Triangle (▲)",50,NA,0.56234132519035,2.66882997371014,"dcfbebe6bd99be947e92e21ebeba92031611441",56.2
"3dDigital",7,1,"data/pilot/Set85/id-01/Type3-Rep01",2,1,"Type3",5,"dcfbebe6bd99be947e92e21ebeba9203","1611441",1681828976.075,1681829255.40064,1681829263.4948,0,"Triangle (▲)",9.3,NA,0.177827941003892,3.1056435688448,"dcfbebe6bd99be947e92e21ebeba92031611441",17.8
"3dDigital",1,1,"data/pilot/Set85/id-04/Type3-Rep01",8,4,"Type3",5,"dcfbebe6bd99be947e92e21ebeba9203","1611441",1681828976.075,1681829263.56897,1681829273.22942,2,"Triangle (▲)",50,NA,0.464158883361278,1.89107370124338,"dcfbebe6bd99be947e92e21ebeba92031611441",46.4
"2dDigital",4,2,"data/pilot/Set85/id-02/Type1-Rep01",3,2,"Type1",5,"dcfbebe6bd99be947e92e21ebeba9203","1611441",1681828976.075,1681829273.30527,1681829278.92982,0,"Triangle (▲)",50,NA,0.56234132519035,2.66882997371014,"dcfbebe6bd99be947e92e21ebeba92031611441",56.2
"3dDigital",3,2,"data/pilot/Set85/id-09/Type1-Rep01",13,9,"Type1",18,"45561c342276b87cbe10d5017f50c919","12516811420",1681862336.38914,1681862336.43822,1681862403.6544,2,"Triangle (▲)",81.8,NA,0.825404185268019,-0.208530088711372,"45561c342276b87cbe10d5017f50c91912516811420",82.5
"3dDigital",1,2,"data/pilot/Set85/id-04/Type1-Rep01",7,4,"Type1",18,"45561c342276b87cbe10d5017f50c919","12516811420",1681862336.38914,1681862403.73644,1681862416.48859,0,"Triangle (▲)",26.7,NA,0.464158883361278,4.31040471584578,"45561c342276b87cbe10d5017f50c91912516811420",46.4
"3dDigital",7,2,"data/pilot/Set85/id-01/Type1-Rep01",1,1,"Type1",18,"45561c342276b87cbe10d5017f50c919","12516811420",1681862336.38914,1681862416.55248,1681862425.64303,0,"Triangle (▲)",12.2,NA,0.177827941003892,2.51293329281909,"45561c342276b87cbe10d5017f50c91912516811420",17.8
"3dPrint",3,2,"data/pilot/Set85/id-09/Type1-Rep01",13,9,"Type1",18,"45561c342276b87cbe10d5017f50c919","12516811420",1681862336.38914,1681862448.81227,1681862461.74431,0,"Triangle (▲)",82.4,"",0.825404185268019,-1.91365901735039,"45561c342276b87cbe10d5017f50c91912516811420",82.5
"2dDigital",2,1,"data/pilot/Set85/id-05/Type3-Rep01",10,5,"Type3",18,"45561c342276b87cbe10d5017f50c919","12516811420",1681862336.38914,1681862461.83272,1681862484.34096,0,"Triangle (▲)",29.4,NA,0.383118684955729,3.17582292877051,"45561c342276b87cbe10d5017f50c91912516811420",38.3
"2dDigital",1,2,"data/pilot/Set85/id-04/Type1-Rep01",7,4,"Type1",18,"45561c342276b87cbe10d5017f50c919","12516811420",1681862336.38914,1681862484.43109,1681862492.02312,0,"Triangle (▲)",44.9,NA,0.464158883361278,0.714477065545132,"45561c342276b87cbe10d5017f50c91912516811420",46.4
"2dDigital",5,2,"data/pilot/Set85/id-03/Type1-Rep01",5,3,"Type1",18,"45561c342276b87cbe10d5017f50c919","12516811420",1681862336.38914,1681862492.09698,1681862502.31623,0,"Triangle (▲)",74,NA,0.681292069057963,2.58395059891008,"45561c342276b87cbe10d5017f50c91912516811420",68.1
"3dPrint",2,2,"data/pilot/Set85/id-05/Type1-Rep01",9,5,"Type1",18,"45561c342276b87cbe10d5017f50c919","12516811420",1681862336.38914,1681862514.34933,1681862527.72532,0,"Triangle (▲)",32.8,"",0.383118684955729,2.49489391074719,"45561c342276b87cbe10d5017f50c91912516811420",38.3
"3dPrint",7,1,"data/pilot/Set85/id-01/Type3-Rep01",2,1,"Type3",18,"45561c342276b87cbe10d5017f50c919","12516811420",1681862336.38914,1681862538.80379,1681862565.98448,0,"Triangle (▲)",16.9,"",0.177827941003892,0.0112009159310061,"45561c342276b87cbe10d5017f50c91912516811420",17.8
"3dDigital",5,1,"data/pilot/Set85/id-03/Type3-Rep01",6,3,"Type3",18,"45561c342276b87cbe10d5017f50c919","12516811420",1681862336.38914,1681862566.07388,1681862580.7992,0,"Triangle (▲)",44.6,NA,0.681292069057963,4.56402488489543,"45561c342276b87cbe10d5017f50c91912516811420",68.1
"2dDigital",3,1,"data/pilot/Set85/id-09/Type3-Rep01",14,9,"Type3",18,"45561c342276b87cbe10d5017f50c919","12516811420",1681862336.38914,1681862580.85696,1681862593.98393,0,"Triangle (▲)",87.2,NA,0.825404185268019,2.25839273182738,"45561c342276b87cbe10d5017f50c91912516811420",82.5
"2dDigital",7,2,"data/pilot/Set85/id-01/Type1-Rep01",1,1,"Type1",18,"45561c342276b87cbe10d5017f50c919","12516811420",1681862336.38914,1681862594.07328,1681862601.11296,0,"Triangle (▲)",10.5,NA,0.177827941003892,2.88904399945188,"45561c342276b87cbe10d5017f50c91912516811420",17.8
"3dPrint",1,1,"data/pilot/Set85/id-04/Type3-Rep01",8,4,"Type3",18,"45561c342276b87cbe10d5017f50c919","12516811420",1681862336.38914,1681862607.69877,1681862624.10909,0,"Triangle (▲)",48,"",0.464158883361278,0.773246657781745,"45561c342276b87cbe10d5017f50c91912516811420",46.4
"3dPrint",5,2,"data/pilot/Set85/id-03/Type1-Rep01",5,3,"Type1",18,"45561c342276b87cbe10d5017f50c919","12516811420",1681862336.38914,1681862635.29381,1681862652.34236,0,"Triangle (▲)",63.5,"",0.681292069057963,2.24920469155774,"45561c342276b87cbe10d5017f50c91912516811420",68.1
"3dDigital",2,2,"data/pilot/Set85/id-05/Type1-Rep01",9,5,"Type1",18,"45561c342276b87cbe10d5017f50c919","12516811420",1681862336.38914,1681862652.40651,1681862661.98226,0,"Triangle (▲)",23.6,NA,0.383118684955729,3.89111472036068,"45561c342276b87cbe10d5017f50c91912516811420",38.3
"3dDigital",2,2,"data/pilot/Set85/id-05/Type1-Rep01",9,5,"Type1",2,"48b8d23fac2e9519d9f93fb0e2ebcbf0","512122569198",1681876640.76958,1681876709.69087,1681876754.28823,0,"Triangle (▲)",24.4,NA,0.383118684955729,3.81114921359167,"48b8d23fac2e9519d9f93fb0e2ebcbf0512122569198",38.3
"3dPrint",1,1,"data/pilot/Set85/id-04/Type3-Rep01",8,4,"Type3",2,"48b8d23fac2e9519d9f93fb0e2ebcbf0","512122569198",1681876640.76958,1681876767.4484,1681876784.68472,0,"Triangle (▲)",50,"",0.464158883361278,1.89107370124338,"48b8d23fac2e9519d9f93fb0e2ebcbf0512122569198",46.4
"3dPrint",2,2,"data/pilot/Set85/id-05/Type1-Rep01",9,5,"Type1",2,"48b8d23fac2e9519d9f93fb0e2ebcbf0","512122569198",1681876640.76958,1681876797.94009,1681876817.2637,0,"Triangle (▲)",32.7,"",0.383118684955729,2.52026344792551,"48b8d23fac2e9519d9f93fb0e2ebcbf0512122569198",38.3
"3dDigital",3,1,"data/pilot/Set85/id-09/Type3-Rep01",14,9,"Type3",2,"48b8d23fac2e9519d9f93fb0e2ebcbf0","512122569198",1681876640.76958,1681876817.35498,1681876836.52049,0,"Triangle (▲)",87.5,NA,0.825404185268019,2.34612902651316,"48b8d23fac2e9519d9f93fb0e2ebcbf0512122569198",82.5
"2dDigital",2,2,"data/pilot/Set85/id-05/Type1-Rep01",9,5,"Type1",2,"48b8d23fac2e9519d9f93fb0e2ebcbf0","512122569198",1681876640.76958,1681876836.59716,1681876887.31237,0,"Triangle (▲)",21.4,NA,0.383118684955729,4.09058827663155,"48b8d23fac2e9519d9f93fb0e2ebcbf0512122569198",38.3
"3dPrint",3,1,"data/pilot/Set85/id-09/Type3-Rep01",14,9,"Type3",2,"48b8d23fac2e9519d9f93fb0e2ebcbf0","512122569198",1681876640.76958,1681876893.07075,1681876908.64862,0,"Triangle (▲)",91.1,"",0.825404185268019,3.11845632434261,"48b8d23fac2e9519d9f93fb0e2ebcbf0512122569198",82.5
"2dDigital",3,1,"data/pilot/Set85/id-09/Type3-Rep01",14,9,"Type3",2,"48b8d23fac2e9519d9f93fb0e2ebcbf0","512122569198",1681876640.76958,1681876908.71972,1681876928.1706,0,"Triangle (▲)",96.4,NA,0.825404185268019,3.80576517275747,"48b8d23fac2e9519d9f93fb0e2ebcbf0512122569198",82.5
"2dDigital",7,1,"data/pilot/Set85/id-01/Type3-Rep01",2,1,"Type3",2,"48b8d23fac2e9519d9f93fb0e2ebcbf0","512122569198",1681876640.76958,1681876928.26353,1681876948.8095,0,"Triangle (▲)",10.1,NA,0.177827941003892,2.96491500804115,"48b8d23fac2e9519d9f93fb0e2ebcbf0512122569198",17.8
"3dDigital",1,1,"data/pilot/Set85/id-04/Type3-Rep01",8,4,"Type3",2,"48b8d23fac2e9519d9f93fb0e2ebcbf0","512122569198",1681876640.76958,1681876948.90298,1681876966.96899,0,"Triangle (▲)",21.5,NA,0.464158883361278,4.64621383828382,"48b8d23fac2e9519d9f93fb0e2ebcbf0512122569198",46.4
"3dDigital",4,1,"data/pilot/Set85/id-02/Type3-Rep01",4,2,"Type3",2,"48b8d23fac2e9519d9f93fb0e2ebcbf0","512122569198",1681876640.76958,1681876967.04528,1681876978.07439,0,"Triangle (▲)",50,NA,0.56234132519035,2.66882997371014,"48b8d23fac2e9519d9f93fb0e2ebcbf0512122569198",56.2
"2dDigital",1,1,"data/pilot/Set85/id-04/Type3-Rep01",8,4,"Type3",2,"48b8d23fac2e9519d9f93fb0e2ebcbf0","512122569198",1681876640.76958,1681876978.1516,1681876989.51637,0,"Triangle (▲)",50,NA,0.464158883361278,1.89107370124338,"48b8d23fac2e9519d9f93fb0e2ebcbf0512122569198",46.4
"3dPrint",4,2,"data/pilot/Set85/id-02/Type1-Rep01",3,2,"Type1",2,"48b8d23fac2e9519d9f93fb0e2ebcbf0","512122569198",1681876640.76958,1681876995.97377,1681877005.49317,0,"Triangle (▲)",50,"",0.56234132519035,2.66882997371014,"48b8d23fac2e9519d9f93fb0e2ebcbf0512122569198",56.2
"3dDigital",7,1,"data/pilot/Set85/id-01/Type3-Rep01",2,1,"Type3",2,"48b8d23fac2e9519d9f93fb0e2ebcbf0","512122569198",1681876640.76958,1681877005.58461,1681877019.75077,0,"Triangle (▲)",3.6,NA,0.177827941003892,3.83872935704681,"48b8d23fac2e9519d9f93fb0e2ebcbf0512122569198",17.8
"2dDigital",4,1,"data/pilot/Set85/id-02/Type3-Rep01",4,2,"Type3",2,"48b8d23fac2e9519d9f93fb0e2ebcbf0","512122569198",1681876640.76958,1681877019.82543,1681877031.86367,0,"Triangle (▲)",45.8,NA,0.56234132519035,3.40041941046502,"48b8d23fac2e9519d9f93fb0e2ebcbf0512122569198",56.2
"3dDigital",6,1,"data/pilot/Set85/id-06/Type3-Rep01",12,6,"Type3",8,"3dd8076773f2bdb0203d5c7de89957cb","18541611441",1681950564.3226,1681950564.41099,1681950605.80734,7,"Triangle (▲)",26.2,NA,0.261015721568254,-2.16211911181039,"3dd8076773f2bdb0203d5c7de89957cb18541611441",26.1
"3dDigital",3,2,"data/pilot/Set85/id-09/Type1-Rep01",13,9,"Type1",8,"3dd8076773f2bdb0203d5c7de89957cb","18541611441",1681950564.3226,1681950605.89883,1681950625.8776,4,"Triangle (▲)",88.4,NA,0.825404185268019,2.58125035700094,"3dd8076773f2bdb0203d5c7de89957cb18541611441",82.5
"2dDigital",6,2,"data/pilot/Set85/id-06/Type1-Rep01",11,6,"Type1",8,"3dd8076773f2bdb0203d5c7de89957cb","18541611441",1681950564.3226,1681950625.93445,1681950634.32089,0,"Triangle (▲)",23.3,NA,0.261015721568254,1.54921184983187,"3dd8076773f2bdb0203d5c7de89957cb18541611441",26.1
"2dDigital",7,2,"data/pilot/Set85/id-01/Type1-Rep01",1,1,"Type1",8,"3dd8076773f2bdb0203d5c7de89957cb","18541611441",1681950564.3226,1681950634.4124,1681950641.86799,0,"Triangle (▲)",9.3,NA,0.177827941003892,3.1056435688448,"3dd8076773f2bdb0203d5c7de89957cb18541611441",17.8
"3dDigital",5,2,"data/pilot/Set85/id-03/Type1-Rep01",5,3,"Type1",8,"3dd8076773f2bdb0203d5c7de89957cb","18541611441",1681950564.3226,1681950641.9575,1681950652.20277,1,"Triangle (▲)",60.8,NA,0.681292069057963,2.89805486438787,"3dd8076773f2bdb0203d5c7de89957cb18541611441",68.1
"3dPrint",1,2,"data/pilot/Set85/id-04/Type1-Rep01",7,4,"Type1",8,"3dd8076773f2bdb0203d5c7de89957cb","18541611441",1681950564.3226,1681950669.08507,1681950684.21495,0,"Triangle (▲)",43.4,"",0.464158883361278,1.65117265366218,"3dd8076773f2bdb0203d5c7de89957cb18541611441",46.4
"3dDigital",7,2,"data/pilot/Set85/id-01/Type1-Rep01",1,1,"Type1",8,"3dd8076773f2bdb0203d5c7de89957cb","18541611441",1681950564.3226,1681950684.31222,1681950691.83384,1,"Triangle (▲)",9.3,NA,0.177827941003892,3.1056435688448,"3dd8076773f2bdb0203d5c7de89957cb18541611441",17.8
"3dPrint",3,2,"data/pilot/Set85/id-09/Type1-Rep01",13,9,"Type1",8,"3dd8076773f2bdb0203d5c7de89957cb","18541611441",1681950564.3226,1681950698.75219,1681950704.95131,0,"Triangle (▲)",87.6,"",0.825404185268019,2.37422753177482,"3dd8076773f2bdb0203d5c7de89957cb18541611441",82.5
"3dDigital",1,1,"data/pilot/Set85/id-04/Type3-Rep01",8,4,"Type3",8,"3dd8076773f2bdb0203d5c7de89957cb","18541611441",1681950564.3226,1681950705.04325,1681950725.40192,3,"Triangle (▲)",50,NA,0.464158883361278,1.89107370124338,"3dd8076773f2bdb0203d5c7de89957cb18541611441",46.4
"2dDigital",3,1,"data/pilot/Set85/id-09/Type3-Rep01",14,9,"Type3",8,"3dd8076773f2bdb0203d5c7de89957cb","18541611441",1681950564.3226,1681950725.48656,1681950735.17243,0,"Triangle (▲)",98.1,NA,0.825404185268019,3.97127512776046,"3dd8076773f2bdb0203d5c7de89957cb18541611441",82.5
"3dPrint",6,2,"data/pilot/Set85/id-06/Type1-Rep01",11,6,"Type1",8,"3dd8076773f2bdb0203d5c7de89957cb","18541611441",1681950564.3226,1681950750.89164,1681950770.44433,0,"Triangle (▲)",22.5,"",0.261015721568254,1.89784919452755,"3dd8076773f2bdb0203d5c7de89957cb18541611441",26.1
"2dDigital",5,2,"data/pilot/Set85/id-03/Type1-Rep01",5,3,"Type1",8,"3dd8076773f2bdb0203d5c7de89957cb","18541611441",1681950564.3226,1681950770.55124,1681950776.41647,0,"Triangle (▲)",62.4,NA,0.681292069057963,2.54947373595699,"3dd8076773f2bdb0203d5c7de89957cb18541611441",68.1
"2dDigital",1,1,"data/pilot/Set85/id-04/Type3-Rep01",8,4,"Type3",8,"3dd8076773f2bdb0203d5c7de89957cb","18541611441",1681950564.3226,1681950776.51912,1681950788.20026,0,"Triangle (▲)",43.9,NA,0.464158883361278,1.40102330176232,"3dd8076773f2bdb0203d5c7de89957cb18541611441",46.4
"3dPrint",7,1,"data/pilot/Set85/id-01/Type3-Rep01",2,1,"Type3",8,"3dd8076773f2bdb0203d5c7de89957cb","18541611441",1681950564.3226,1681950792.07923,1681950800.40453,0,"Triangle (▲)",73.8,"",0.177827941003892,5.81101384519856,"3dd8076773f2bdb0203d5c7de89957cb18541611441",17.8
"3dPrint",5,2,"data/pilot/Set85/id-03/Type1-Rep01",5,3,"Type1",8,"3dd8076773f2bdb0203d5c7de89957cb","18541611441",1681950564.3226,1681950802.40676,1681950824.79094,0,"Triangle (▲)",77,"",0.681292069057963,3.1692504791016,"3dd8076773f2bdb0203d5c7de89957cb18541611441",68.1
"3dDigital",1,2,"data/pilot/Set85/id-04/Type1-Rep01",7,4,"Type1",7,"ec24edfae879d70f69573f8e37dbaab2","5191514",1682037455.76804,1682037455.84107,1682037546.9668,9,"Triangle (▲)",39.4,NA,0.464158883361278,2.83610355862505,"ec24edfae879d70f69573f8e37dbaab25191514",46.4
"3dDigital",7,2,"data/pilot/Set85/id-01/Type1-Rep01",1,1,"Type1",7,"ec24edfae879d70f69573f8e37dbaab2","5191514",1682037455.76804,1682037547.03862,1682037568.10622,1,"Triangle (▲)",6.7,NA,0.177827941003892,3.48643045210385,"ec24edfae879d70f69573f8e37dbaab25191514",17.8
"3dDigital",2,1,"data/pilot/Set85/id-05/Type3-Rep01",10,5,"Type3",7,"ec24edfae879d70f69573f8e37dbaab2","5191514",1682037455.76804,1682037568.16004,1682037600.20287,2,"Triangle (▲)",39.7,NA,0.383118684955729,0.597537375882769,"ec24edfae879d70f69573f8e37dbaab25191514",38.3
"3dDigital",6,2,"data/pilot/Set85/id-06/Type1-Rep01",11,6,"Type1",7,"ec24edfae879d70f69573f8e37dbaab2","5191514",1682037455.76804,1682037600.27999,1682037634.16249,2,"Triangle (▲)",30.9,NA,0.261015721568254,2.29966311442679,"ec24edfae879d70f69573f8e37dbaab25191514",26.1
"3dDigital",5,2,"data/pilot/Set85/id-03/Type1-Rep01",5,3,"Type1",7,"ec24edfae879d70f69573f8e37dbaab2","5191514",1682037455.76804,1682037634.24836,1682037651.72657,3,"Triangle (▲)",85.8,NA,0.681292069057963,4.15346432487347,"ec24edfae879d70f69573f8e37dbaab25191514",68.1
"3dPrint",1,2,"data/pilot/Set85/id-04/Type1-Rep01",7,4,"Type1",7,"ec24edfae879d70f69573f8e37dbaab2","5191514",1682037455.76804,1682037674.95708,1682037710.46635,0,"Triangle (▲)",48,"",0.464158883361278,0.773246657781745,"ec24edfae879d70f69573f8e37dbaab25191514",46.4
"3dPrint",5,2,"data/pilot/Set85/id-03/Type1-Rep01",5,3,"Type1",7,"ec24edfae879d70f69573f8e37dbaab2","5191514",1682037455.76804,1682037721.80603,1682037746.9836,0,"Triangle (▲)",85.1,"",0.681292069057963,4.09556944755244,"ec24edfae879d70f69573f8e37dbaab25191514",68.1
"3dPrint",2,2,"data/pilot/Set85/id-05/Type1-Rep01",9,5,"Type1",7,"ec24edfae879d70f69573f8e37dbaab2","5191514",1682037455.76804,1682037757.80341,1682037781.00032,0,"Triangle (▲)",36.4,"",0.383118684955729,1.02635283994586,"ec24edfae879d70f69573f8e37dbaab25191514",38.3
"2dDigital",6,1,"data/pilot/Set85/id-06/Type3-Rep01",12,6,"Type3",7,"ec24edfae879d70f69573f8e37dbaab2","5191514",1682037455.76804,1682037781.09616,1682037818.4299,0,"Triangle (▲)",21.6,NA,0.261015721568254,2.2099436915625,"ec24edfae879d70f69573f8e37dbaab25191514",26.1
"2dDigital",5,2,"data/pilot/Set85/id-03/Type1-Rep01",5,3,"Type1",7,"ec24edfae879d70f69573f8e37dbaab2","5191514",1682037455.76804,1682037818.5255,1682037846.95348,0,"Triangle (▲)",86.6,NA,0.681292069057963,4.21690437382273,"ec24edfae879d70f69573f8e37dbaab25191514",68.1
"2dDigital",2,2,"data/pilot/Set85/id-05/Type1-Rep01",9,5,"Type1",7,"ec24edfae879d70f69573f8e37dbaab2","5191514",1682037455.76804,1682037847.0418,1682037863.72016,0,"Triangle (▲)",44.6,NA,0.383118684955729,2.68102899065297,"ec24edfae879d70f69573f8e37dbaab25191514",38.3
"2dDigital",1,1,"data/pilot/Set85/id-04/Type3-Rep01",8,4,"Type3",7,"ec24edfae879d70f69573f8e37dbaab2","5191514",1682037455.76804,1682037863.8156,1682037878.35877,0,"Triangle (▲)",50,NA,0.464158883361278,1.89107370124338,"ec24edfae879d70f69573f8e37dbaab25191514",46.4
"3dPrint",6,1,"data/pilot/Set85/id-06/Type3-Rep01",12,6,"Type3",7,"ec24edfae879d70f69573f8e37dbaab2","5191514",1682037455.76804,1682037887.30137,1682037905.94219,0,"Triangle (▲)",27.1,"",0.261015721568254,0.167907464404597,"ec24edfae879d70f69573f8e37dbaab25191514",26.1
"3dPrint",7,1,"data/pilot/Set85/id-01/Type3-Rep01",2,1,"Type3",7,"ec24edfae879d70f69573f8e37dbaab2","5191514",1682037455.76804,1682037916.9196,1682037936.09832,0,"Triangle (▲)",17,"",0.177827941003892,-0.139562982428763,"ec24edfae879d70f69573f8e37dbaab25191514",17.8
"2dDigital",7,2,"data/pilot/Set85/id-01/Type1-Rep01",1,1,"Type1",7,"ec24edfae879d70f69573f8e37dbaab2","5191514",1682037455.76804,1682037936.20133,1682037953.30117,0,"Triangle (▲)",13.1,NA,0.177827941003892,2.26537511220799,"ec24edfae879d70f69573f8e37dbaab25191514",17.8
"3dPrint",5,1,"data/pilot/Set85/id-03/Type3-Rep01",6,3,"Type3",9,"8e2f6d85dfa24161725b2c182a4e3257","1291514",1682052206.08319,1682052233.89691,1682052271.13712,0,"Triangle (▲)",75.2,"",0.681292069057963,2.84715370434123,"8e2f6d85dfa24161725b2c182a4e32571291514",68.1
"3dDigital",1,2,"data/pilot/Set85/id-04/Type1-Rep01",7,4,"Type1",9,"8e2f6d85dfa24161725b2c182a4e3257","1291514",1682052206.08319,1682052271.25182,1682052292.27451,0,"Triangle (▲)",27.9,NA,0.464158883361278,4.22039870850554,"8e2f6d85dfa24161725b2c182a4e32571291514",46.4
"3dPrint",2,2,"data/pilot/Set85/id-05/Type1-Rep01",9,5,"Type1",9,"8e2f6d85dfa24161725b2c182a4e3257","1291514",1682052206.08319,1682052311.43103,1682052328.85932,0,"Triangle (▲)",7.3,"",0.383118684955729,4.96055195153672,"8e2f6d85dfa24161725b2c182a4e32571291514",38.3
"2dDigital",1,1,"data/pilot/Set85/id-04/Type3-Rep01",8,4,"Type3",9,"8e2f6d85dfa24161725b2c182a4e3257","1291514",1682052206.08319,1682052328.93892,1682052343.54847,0,"Triangle (▲)",49.2,NA,0.464158883361278,1.54057867417038,"8e2f6d85dfa24161725b2c182a4e32571291514",46.4
"3dDigital",2,2,"data/pilot/Set85/id-05/Type1-Rep01",9,5,"Type1",9,"8e2f6d85dfa24161725b2c182a4e3257","1291514",1682052206.08319,1682052343.6395,1682052353.61857,0,"Triangle (▲)",33,NA,0.383118684955729,2.44277593332651,"8e2f6d85dfa24161725b2c182a4e32571291514",38.3
"3dDigital",5,1,"data/pilot/Set85/id-03/Type3-Rep01",6,3,"Type3",9,"8e2f6d85dfa24161725b2c182a4e3257","1291514",1682052206.08319,1682052353.66546,1682052364.71036,0,"Triangle (▲)",71.5,NA,0.681292069057963,1.80561979845412,"8e2f6d85dfa24161725b2c182a4e32571291514",68.1
"2dDigital",5,1,"data/pilot/Set85/id-03/Type3-Rep01",6,3,"Type3",9,"8e2f6d85dfa24161725b2c182a4e3257","1291514",1682052206.08319,1682052364.78104,1682052372.88417,0,"Triangle (▲)",73.5,NA,0.681292069057963,2.4583276905488,"8e2f6d85dfa24161725b2c182a4e32571291514",68.1
"3dPrint",1,2,"data/pilot/Set85/id-04/Type1-Rep01",7,4,"Type1",9,"8e2f6d85dfa24161725b2c182a4e3257","1291514",1682052206.08319,1682052394.09881,1682052405.84868,0,"Triangle (▲)",46.9,"",0.464158883361278,-0.715221364050597,"8e2f6d85dfa24161725b2c182a4e32571291514",46.4
"3dPrint",6,2,"data/pilot/Set85/id-06/Type1-Rep01",11,6,"Type1",9,"8e2f6d85dfa24161725b2c182a4e3257","1291514",1682052206.08319,1682052422.17631,1682052434.8557,0,"Triangle (▲)",15.8,"",0.261015721568254,3.38219302981365,"8e2f6d85dfa24161725b2c182a4e32571291514",26.1
"2dDigital",3,2,"data/pilot/Set85/id-09/Type1-Rep01",13,9,"Type1",9,"8e2f6d85dfa24161725b2c182a4e3257","1291514",1682052206.08319,1682052434.91238,1682052444.72529,0,"Triangle (▲)",86.5,NA,0.825404185268019,2.0301882601396,"8e2f6d85dfa24161725b2c182a4e32571291514",82.5
"2dDigital",2,1,"data/pilot/Set85/id-05/Type3-Rep01",10,5,"Type3",9,"8e2f6d85dfa24161725b2c182a4e3257","1291514",1682052206.08319,1682052444.80728,1682052453.13066,0,"Triangle (▲)",37.3,NA,0.383118684955729,0.185065383731311,"8e2f6d85dfa24161725b2c182a4e32571291514",38.3
"3dDigital",3,1,"data/pilot/Set85/id-09/Type3-Rep01",14,9,"Type3",9,"8e2f6d85dfa24161725b2c182a4e3257","1291514",1682052206.08319,1682052453.20811,1682052462.23586,0,"Triangle (▲)",83.4,NA,0.825404185268019,-0.0224175021526174,"8e2f6d85dfa24161725b2c182a4e32571291514",82.5
"3dDigital",6,2,"data/pilot/Set85/id-06/Type1-Rep01",11,6,"Type1",9,"8e2f6d85dfa24161725b2c182a4e3257","1291514",1682052206.08319,1682052462.30844,1682052470.97515,0,"Triangle (▲)",18.3,NA,0.261015721568254,2.98669710785883,"8e2f6d85dfa24161725b2c182a4e32571291514",26.1
"3dPrint",3,2,"data/pilot/Set85/id-09/Type1-Rep01",13,9,"Type1",9,"8e2f6d85dfa24161725b2c182a4e3257","1291514",1682052206.08319,1682052482.46322,1682052489.55616,0,"Triangle (▲)",88.5,"",0.825404185268019,2.60515803084245,"8e2f6d85dfa24161725b2c182a4e32571291514",82.5
"2dDigital",6,1,"data/pilot/Set85/id-06/Type3-Rep01",12,6,"Type3",9,"8e2f6d85dfa24161725b2c182a4e3257","1291514",1682052206.08319,1682052489.64094,1682052501.70838,0,"Triangle (▲)",19.7,NA,0.261015721568254,2.70632546791273,"8e2f6d85dfa24161725b2c182a4e32571291514",26.1
"3dPrint",7,1,"data/pilot/Set85/id-01/Type3-Rep01",2,1,"Type3",8,"d89c0b637ffd7bac317c982878c5fa29","14152397518",1682277365.79484,1682277384.99548,1682277441.6584,0,"Triangle (▲)",16.7,"",0.177827941003892,0.27237453109852,"d89c0b637ffd7bac317c982878c5fa2914152397518",17.8
"3dDigital",1,1,"data/pilot/Set85/id-04/Type3-Rep01",8,4,"Type3",8,"d89c0b637ffd7bac317c982878c5fa29","14152397518",1682277365.79484,1682277441.77946,1682277493.52764,5,"Triangle (▲)",48.6,NA,0.464158883361278,1.20733794055225,"d89c0b637ffd7bac317c982878c5fa2914152397518",46.4
"2dDigital",7,2,"data/pilot/Set85/id-01/Type1-Rep01",1,1,"Type1",8,"d89c0b637ffd7bac317c982878c5fa29","14152397518",1682277365.79484,1682277493.57871,1682277525.53181,0,"Triangle (▲)",22.8,NA,0.177827941003892,2.36238737843298,"d89c0b637ffd7bac317c982878c5fa2914152397518",17.8
"3dPrint",5,2,"data/pilot/Set85/id-03/Type1-Rep01",5,3,"Type1",8,"d89c0b637ffd7bac317c982878c5fa29","14152397518",1682277365.79484,1682277539.31073,1682277561.73561,0,"Triangle (▲)",60.6,"",0.681292069057963,2.93625289995229,"d89c0b637ffd7bac317c982878c5fa2914152397518",68.1
"3dPrint",1,2,"data/pilot/Set85/id-04/Type1-Rep01",7,4,"Type1",8,"d89c0b637ffd7bac317c982878c5fa29","14152397518",1682277365.79484,1682277579.29011,1682277604.36052,0,"Triangle (▲)",40.8,"",0.464158883361278,2.52127399456034,"d89c0b637ffd7bac317c982878c5fa2914152397518",46.4
"2dDigital",6,2,"data/pilot/Set85/id-06/Type1-Rep01",11,6,"Type1",8,"d89c0b637ffd7bac317c982878c5fa29","14152397518",1682277365.79484,1682277604.43486,1682277628.69534,0,"Triangle (▲)",27.3,NA,0.261015721568254,0.404279537385633,"d89c0b637ffd7bac317c982878c5fa2914152397518",26.1
"3dDigital",6,1,"data/pilot/Set85/id-06/Type3-Rep01",12,6,"Type3",8,"d89c0b637ffd7bac317c982878c5fa29","14152397518",1682277365.79484,1682277628.78471,1682277659.27406,4,"Triangle (▲)",24.9,NA,0.261015721568254,0.407703150849614,"d89c0b637ffd7bac317c982878c5fa2914152397518",26.1
"2dDigital",3,1,"data/pilot/Set85/id-09/Type3-Rep01",14,9,"Type3",8,"d89c0b637ffd7bac317c982878c5fa29","14152397518",1682277365.79484,1682277659.33358,1682277678.27435,0,"Triangle (▲)",94.9,NA,0.825404185268019,3.64207555278446,"d89c0b637ffd7bac317c982878c5fa2914152397518",82.5
"3dDigital",7,2,"data/pilot/Set85/id-01/Type1-Rep01",1,1,"Type1",8,"d89c0b637ffd7bac317c982878c5fa29","14152397518",1682277365.79484,1682277678.36944,1682277720.50239,9,"Triangle (▲)",19.8,NA,0.177827941003892,1.09909715239037,"d89c0b637ffd7bac317c982878c5fa2914152397518",17.8
"3dDigital",5,2,"data/pilot/Set85/id-03/Type1-Rep01",5,3,"Type1",8,"d89c0b637ffd7bac317c982878c5fa29","14152397518",1682277365.79484,1682277720.58656,1682277756.16143,6,"Triangle (▲)",71.9,NA,0.681292069057963,1.9619170578379,"d89c0b637ffd7bac317c982878c5fa2914152397518",68.1
"3dPrint",3,2,"data/pilot/Set85/id-09/Type1-Rep01",13,9,"Type1",8,"d89c0b637ffd7bac317c982878c5fa29","14152397518",1682277365.79484,1682277759.89412,1682277784.3792,0,"Triangle (▲)",88.1,"",0.825404185268019,2.50705413473429,"d89c0b637ffd7bac317c982878c5fa2914152397518",82.5
"2dDigital",1,1,"data/pilot/Set85/id-04/Type3-Rep01",8,4,"Type3",8,"d89c0b637ffd7bac317c982878c5fa29","14152397518",1682277365.79484,1682277784.47552,1682277832.51147,0,"Triangle (▲)",53.7,NA,0.464158883361278,2.88930057695034,"d89c0b637ffd7bac317c982878c5fa2914152397518",46.4
"3dPrint",6,2,"data/pilot/Set85/id-06/Type1-Rep01",11,6,"Type1",8,"d89c0b637ffd7bac317c982878c5fa29","14152397518",1682277365.79484,1682277834.68712,1682277855.14477,0,"Triangle (▲)",24.3,"",0.261015721568254,0.946036220954462,"d89c0b637ffd7bac317c982878c5fa2914152397518",26.1
"2dDigital",5,2,"data/pilot/Set85/id-03/Type1-Rep01",5,3,"Type1",8,"d89c0b637ffd7bac317c982878c5fa29","14152397518",1682277365.79484,1682277855.24376,1682277883.6391,0,"Triangle (▲)",71.4,NA,0.681292069057963,1.76374855810769,"d89c0b637ffd7bac317c982878c5fa2914152397518",68.1
"3dDigital",3,2,"data/pilot/Set85/id-09/Type1-Rep01",13,9,"Type1",8,"d89c0b637ffd7bac317c982878c5fa29","14152397518",1682277365.79484,1682277883.73601,1682277905.33553,3,"Triangle (▲)",81,NA,0.825404185268019,0.735884778296947,"d89c0b637ffd7bac317c982878c5fa2914152397518",82.5
"3dPrint",4,1,"data/pilot/Set85/id-02/Type3-Rep01",4,2,"Type3",3,"cdb01a40016e40b133f2a729a17bb455","2020518",1682532439.93961,1682532449.89024,1682532543.38644,0,"Triangle (▲)",35,"",0.56234132519035,4.41678114940813,"cdb01a40016e40b133f2a729a17bb4552020518",56.2
"3dPrint",3,2,"data/pilot/Set85/id-09/Type1-Rep01",13,9,"Type1",3,"cdb01a40016e40b133f2a729a17bb455","2020518",1682532439.93961,1682532628.42944,1682532683.30737,0,"Triangle (▲)",19.9,"",0.825404185268019,5.97189800016189,"cdb01a40016e40b133f2a729a17bb4552020518",82.5
"2dDigital",2,2,"data/pilot/Set85/id-05/Type1-Rep01",9,5,"Type1",3,"cdb01a40016e40b133f2a729a17bb455","2020518",1682532439.93961,1682532683.38107,1682532703.97628,0,"Triangle (▲)",18.8,NA,0.383118684955729,4.29549297534867,"cdb01a40016e40b133f2a729a17bb4552020518",38.3
"2dDigital",6,2,"data/pilot/Set85/id-06/Type1-Rep01",11,6,"Type1",3,"cdb01a40016e40b133f2a729a17bb455","2020518",1682532439.93961,1682532812.8396,1682532817.65705,0,"Triangle (▲)",42.9,NA,0.261015721568254,4.0809499110684,"cdb01a40016e40b133f2a729a17bb4552020518",26.1
"2dDigital",4,2,"data/pilot/Set85/id-02/Type1-Rep01",3,2,"Type1",3,"cdb01a40016e40b133f2a729a17bb455","2020518",1682532439.93961,1682532817.73241,1682532821.19067,0,"Triangle (▲)",36.6,NA,0.56234132519035,4.30444770486874,"cdb01a40016e40b133f2a729a17bb4552020518",56.2
"3dDigital",2,2,"data/pilot/Set85/id-05/Type1-Rep01",9,5,"Type1",3,"cdb01a40016e40b133f2a729a17bb455","2020518",1682532439.93961,1682532821.27079,1682532835.17257,1,"Triangle (▲)",26.3,NA,0.383118684955729,3.60132432630878,"cdb01a40016e40b133f2a729a17bb4552020518",38.3
"3dDigital",3,1,"data/pilot/Set85/id-09/Type3-Rep01",14,9,"Type3",3,"cdb01a40016e40b133f2a729a17bb455","2020518",1682532439.93961,1682532835.24756,1682532851.38868,8,"Triangle (▲)",27.5,NA,0.825404185268019,5.7856922648976,"cdb01a40016e40b133f2a729a17bb4552020518",82.5
"3dDigital",4,2,"data/pilot/Set85/id-02/Type1-Rep01",3,2,"Type1",3,"cdb01a40016e40b133f2a729a17bb455","2020518",1682532439.93961,1682532858.14737,1682532869.14207,3,"Triangle (▲)",9.1,NA,0.56234132519035,5.56252124256619,"cdb01a40016e40b133f2a729a17bb4552020518",56.2
"3dPrint",5,1,"data/pilot/Set85/id-03/Type3-Rep01",6,3,"Type3",3,"cdb01a40016e40b133f2a729a17bb455","2020518",1682532439.93961,1682532964.14221,1682532995.94702,0,"Triangle (▲)",42.9,"",0.681292069057963,4.66415324166541,"cdb01a40016e40b133f2a729a17bb4552020518",68.1
"3dDigital",5,1,"data/pilot/Set85/id-03/Type3-Rep01",6,3,"Type3",3,"cdb01a40016e40b133f2a729a17bb455","2020518",1682532439.93961,1682532996.02269,1682533010.84632,1,"Triangle (▲)",7.8,NA,0.681292069057963,5.91777083255778,"cdb01a40016e40b133f2a729a17bb4552020518",68.1
"2dDigital",5,1,"data/pilot/Set85/id-03/Type3-Rep01",6,3,"Type3",3,"cdb01a40016e40b133f2a729a17bb455","2020518",1682532439.93961,1682533010.89695,1682533014.72304,0,"Triangle (▲)",15.9,NA,0.681292069057963,5.71023356400669,"cdb01a40016e40b133f2a729a17bb4552020518",68.1
"3dPrint",4,1,"data/pilot/Set85/id-02/Type3-Rep01",4,2,"Type3",17,"1b044b7264d0f05d842c0f148d7b4b0e","16151211825118",1682532440.33985,1682532464.87516,1682532543.66899,0,"Triangle (▲)",22,"",0.56234132519035,5.10262170743228,"1b044b7264d0f05d842c0f148d7b4b0e16151211825118",56.2
"2dDigital",3,2,"data/pilot/Set85/id-09/Type1-Rep01",13,9,"Type1",17,"1b044b7264d0f05d842c0f148d7b4b0e","16151211825118",1682532440.33985,1682532543.7309,1682532569.79752,0,"Triangle (▲)",50,NA,0.825404185268019,5.02969221932483,"1b044b7264d0f05d842c0f148d7b4b0e16151211825118",82.5
"3dDigital",2,2,"data/pilot/Set85/id-05/Type1-Rep01",9,5,"Type1",17,"1b044b7264d0f05d842c0f148d7b4b0e","16151211825118",1682533075.78773,1682533075.82889,1682533140.12006,17,"Triangle (▲)",29.7,NA,0.383118684955729,3.12711627566911,"1b044b7264d0f05d842c0f148d7b4b0e16151211825118",38.3
"3dDigital",4,1,"data/pilot/Set85/id-02/Type3-Rep01",4,2,"Type3",17,"1b044b7264d0f05d842c0f148d7b4b0e","16151211825118",1682533075.78773,1682533140.20006,1682533165.03662,3,"Triangle (▲)",29.7,NA,0.56234132519035,4.73655793117141,"1b044b7264d0f05d842c0f148d7b4b0e16151211825118",56.2
"2dDigital",2,1,"data/pilot/Set85/id-05/Type3-Rep01",10,5,"Type3",17,"1b044b7264d0f05d842c0f148d7b4b0e","16151211825118",1682533075.78773,1682533165.12015,1682533175.15741,0,"Triangle (▲)",58.2,NA,0.383118684955729,4.32287502187279,"1b044b7264d0f05d842c0f148d7b4b0e16151211825118",38.3
"3dPrint",4,1,"data/pilot/Set85/id-02/Type3-Rep01",4,2,"Type3",17,"1b044b7264d0f05d842c0f148d7b4b0e","16151211825118",1682533075.78773,1682533177.70527,1682533193.33492,0,"Triangle (▲)",13.4,"",0.56234132519035,5.424892955922,"1b044b7264d0f05d842c0f148d7b4b0e16151211825118",56.2
"2dDigital",7,1,"data/pilot/Set85/id-01/Type3-Rep01",2,1,"Type3",17,"1b044b7264d0f05d842c0f148d7b4b0e","16151211825118",1682533075.78773,1682533193.41866,1682533197.01252,0,"Triangle (▲)",16.7,NA,0.177827941003892,0.27237453109852,"1b044b7264d0f05d842c0f148d7b4b0e16151211825118",17.8
"2dDigital",4,1,"data/pilot/Set85/id-02/Type3-Rep01",4,2,"Type3",17,"1b044b7264d0f05d842c0f148d7b4b0e","16151211825118",1682533075.78773,1682533197.08498,1682533215.73543,0,"Triangle (▲)",12.4,NA,0.56234132519035,5.45809101159228,"1b044b7264d0f05d842c0f148d7b4b0e16151211825118",56.2
"3dDigital",3,2,"data/pilot/Set85/id-09/Type1-Rep01",13,9,"Type1",17,"1b044b7264d0f05d842c0f148d7b4b0e","16151211825118",1682533075.78773,1682533215.8165,1682533226.2613,2,"Triangle (▲)",2.2,NA,0.825404185268019,6.33029698694652,"1b044b7264d0f05d842c0f148d7b4b0e16151211825118",82.5
"2dDigital",5,2,"data/pilot/Set85/id-03/Type1-Rep01",5,3,"Type1",17,"1b044b7264d0f05d842c0f148d7b4b0e","16151211825118",1682533075.78773,1682533226.34184,1682533235.48714,0,"Triangle (▲)",20.3,NA,0.681292069057963,5.58358547980544,"1b044b7264d0f05d842c0f148d7b4b0e16151211825118",68.1
"3dDigital",5,1,"data/pilot/Set85/id-03/Type3-Rep01",6,3,"Type3",17,"1b044b7264d0f05d842c0f148d7b4b0e","16151211825118",1682533075.78773,1682533235.5704,1682533245.55196,1,"Triangle (▲)",13.4,NA,0.681292069057963,5.77753036363597,"1b044b7264d0f05d842c0f148d7b4b0e16151211825118",68.1
"3dDigital",7,1,"data/pilot/Set85/id-01/Type3-Rep01",2,1,"Type3",17,"1b044b7264d0f05d842c0f148d7b4b0e","16151211825118",1682533075.78773,1682533245.63199,1682533257.75057,2,"Triangle (▲)",14.7,NA,0.177827941003892,1.68158154207943,"1b044b7264d0f05d842c0f148d7b4b0e16151211825118",17.8
"3dPrint",2,2,"data/pilot/Set85/id-05/Type1-Rep01",9,5,"Type1",17,"1b044b7264d0f05d842c0f148d7b4b0e","16151211825118",1682533075.78773,1682533272.50825,1682533284.33719,0,"Triangle (▲)",47.2,"",0.383118684955729,3.17202844022171,"1b044b7264d0f05d842c0f148d7b4b0e16151211825118",38.3
"3dPrint",3,1,"data/pilot/Set85/id-09/Type3-Rep01",14,9,"Type3",17,"1b044b7264d0f05d842c0f148d7b4b0e","16151211825118",1682533075.78773,1682533293.52978,1682533303.21737,0,"Triangle (▲)",48.3,"",0.825404185268019,5.10288562453671,"1b044b7264d0f05d842c0f148d7b4b0e16151211825118",82.5
"3dPrint",7,1,"data/pilot/Set85/id-01/Type3-Rep01",2,1,"Type3",17,"1b044b7264d0f05d842c0f148d7b4b0e","16151211825118",1682533075.78773,1682533339.18887,1682533344.96025,0,"Triangle (▲)",3.3,"",0.177827941003892,3.86866643040696,"1b044b7264d0f05d842c0f148d7b4b0e16151211825118",17.8
"2dDigital",3,2,"data/pilot/Set85/id-09/Type1-Rep01",13,9,"Type1",17,"1b044b7264d0f05d842c0f148d7b4b0e","16151211825118",1682533075.78773,1682533345.0385,1682533349.04567,0,"Triangle (▲)",7.4,NA,0.825404185268019,6.23391525089357,"1b044b7264d0f05d842c0f148d7b4b0e16151211825118",82.5
"3dPrint",5,1,"data/pilot/Set85/id-03/Type3-Rep01",6,3,"Type3",17,"1b044b7264d0f05d842c0f148d7b4b0e","16151211825118",1682533075.78773,1682533350.68836,1682533357.78675,0,"Triangle (▲)",33.3,"",0.681292069057963,5.12739419617854,"1b044b7264d0f05d842c0f148d7b4b0e16151211825118",68.1
"3dPrint",7,2,"data/pilot/Set85/id-01/Type1-Rep01",1,1,"Type1",5,"4d2f322a128a53fb69e7e1abd75f9944","9161615",1682618863.45628,1682618884.5785,1682618909.45524,0,"Triangle (▲)",13.4,"",0.177827941003892,2.17242161996192,"4d2f322a128a53fb69e7e1abd75f99449161615",17.8
"3dPrint",3,2,"data/pilot/Set85/id-09/Type1-Rep01",13,9,"Type1",5,"4d2f322a128a53fb69e7e1abd75f9944","9161615",1682618863.45628,1682618919.12049,1682618936.97422,0,"Triangle (▲)",90.4,"",0.825404185268019,2.99721678805402,"4d2f322a128a53fb69e7e1abd75f99449161615",82.5
"3dPrint",5,2,"data/pilot/Set85/id-03/Type1-Rep01",5,3,"Type1",5,"4d2f322a128a53fb69e7e1abd75f9944","9161615",1682618863.45628,1682618946.70447,1682618963.37342,0,"Triangle (▲)",67.5,"",0.681292069057963,-0.406967734499941,"4d2f322a128a53fb69e7e1abd75f99449161615",68.1
"2dDigital",5,2,"data/pilot/Set85/id-03/Type1-Rep01",5,3,"Type1",5,"4d2f322a128a53fb69e7e1abd75f9944","9161615",1682618863.45628,1682618963.46235,1682618986.3215,0,"Triangle (▲)",73.9,NA,0.681292069057963,2.55968589566704,"4d2f322a128a53fb69e7e1abd75f99449161615",68.1
"2dDigital",3,2,"data/pilot/Set85/id-09/Type1-Rep01",13,9,"Type1",5,"4d2f322a128a53fb69e7e1abd75f9944","9161615",1682618863.45628,1682618986.40654,1682618999.50322,0,"Triangle (▲)",88,NA,0.825404185268019,2.48144916447463,"4d2f322a128a53fb69e7e1abd75f99449161615",82.5
"3dPrint",4,2,"data/pilot/Set85/id-02/Type1-Rep01",3,2,"Type1",5,"4d2f322a128a53fb69e7e1abd75f9944","9161615",1682618863.45628,1682619007.21375,1682619018.77696,0,"Triangle (▲)",50,"",0.56234132519035,2.66882997371014,"4d2f322a128a53fb69e7e1abd75f99449161615",56.2
"3dDigital",7,1,"data/pilot/Set85/id-01/Type3-Rep01",2,1,"Type3",5,"4d2f322a128a53fb69e7e1abd75f9944","9161615",1682618863.45628,1682619018.83937,1682619048.1061,2,"Triangle (▲)",12.2,NA,0.177827941003892,2.51293329281909,"4d2f322a128a53fb69e7e1abd75f99449161615",17.8
"3dDigital",1,1,"data/pilot/Set85/id-04/Type3-Rep01",8,4,"Type3",5,"4d2f322a128a53fb69e7e1abd75f9944","9161615",1682618863.45628,1682619048.16519,1682619077.02469,5,"Triangle (▲)",50,NA,0.464158883361278,1.89107370124338,"4d2f322a128a53fb69e7e1abd75f99449161615",46.4
"3dDigital",3,2,"data/pilot/Set85/id-09/Type1-Rep01",13,9,"Type1",5,"4d2f322a128a53fb69e7e1abd75f9944","9161615",1682618863.45628,1682619077.07864,1682619088.91965,1,"Triangle (▲)",96.1,NA,0.825404185268019,3.77447940713682,"4d2f322a128a53fb69e7e1abd75f99449161615",82.5
"3dDigital",5,1,"data/pilot/Set85/id-03/Type3-Rep01",6,3,"Type3",5,"4d2f322a128a53fb69e7e1abd75f9944","9161615",1682618863.45628,1682619088.97336,1682619107.12367,2,"Triangle (▲)",52.2,NA,0.681292069057963,4.00487949110419,"4d2f322a128a53fb69e7e1abd75f99449161615",68.1
"3dPrint",1,1,"data/pilot/Set85/id-04/Type3-Rep01",8,4,"Type3",5,"4d2f322a128a53fb69e7e1abd75f9944","9161615",1682618863.45628,1682619114.67937,1682619138.09956,0,"Triangle (▲)",46.1,"",0.464158883361278,-1.18151478448664,"4d2f322a128a53fb69e7e1abd75f99449161615",46.4
"2dDigital",1,1,"data/pilot/Set85/id-04/Type3-Rep01",8,4,"Type3",5,"4d2f322a128a53fb69e7e1abd75f9944","9161615",1682618863.45628,1682619138.16381,1682619148.8198,0,"Triangle (▲)",50,NA,0.464158883361278,1.89107370124338,"4d2f322a128a53fb69e7e1abd75f99449161615",46.4
"2dDigital",7,1,"data/pilot/Set85/id-01/Type3-Rep01",2,1,"Type3",5,"4d2f322a128a53fb69e7e1abd75f9944","9161615",1682618863.45628,1682619148.88733,1682619158.1067,0,"Triangle (▲)",12.5,NA,0.177827941003892,2.43504022262558,"4d2f322a128a53fb69e7e1abd75f99449161615",17.8
"2dDigital",4,2,"data/pilot/Set85/id-02/Type1-Rep01",3,2,"Type1",5,"4d2f322a128a53fb69e7e1abd75f9944","9161615",1682618863.45628,1682619158.19689,1682619162.58082,0,"Triangle (▲)",50,NA,0.56234132519035,2.66882997371014,"4d2f322a128a53fb69e7e1abd75f99449161615",56.2
"3dDigital",4,2,"data/pilot/Set85/id-02/Type1-Rep01",3,2,"Type1",5,"4d2f322a128a53fb69e7e1abd75f9944","9161615",1682618863.45628,1682619162.63731,1682619172.23042,1,"Triangle (▲)",50,NA,0.56234132519035,2.66882997371014,"4d2f322a128a53fb69e7e1abd75f99449161615",56.2
"2dDigital",2,2,"data/pilot/Set85/id-05/Type1-Rep01",9,5,"Type1",1,"b64e2db118a531efd1ea8352bf490e09","514721914",1682636631.75774,1682636631.82382,1682636653.804,0,"Triangle (▲)",44.1,NA,0.383118684955729,2.56392236211443,"b64e2db118a531efd1ea8352bf490e09514721914",38.3
"2dDigital",7,1,"data/pilot/Set85/id-01/Type3-Rep01",2,1,"Type3",1,"b64e2db118a531efd1ea8352bf490e09","514721914",1682636631.75774,1682636653.92128,1682636675.24049,0,"Triangle (▲)",22.6,NA,0.177827941003892,2.30515511672892,"b64e2db118a531efd1ea8352bf490e09514721914",17.8
"3dPrint",2,2,"data/pilot/Set85/id-05/Type1-Rep01",9,5,"Type1",1,"b64e2db118a531efd1ea8352bf490e09","514721914",1682636631.75774,1682636701.40978,1682636714.24304,0,"Triangle (▲)",40.4,"",0.383118684955729,1.14608917872508,"b64e2db118a531efd1ea8352bf490e09514721914",38.3
"3dDigital",1,1,"data/pilot/Set85/id-04/Type3-Rep01",8,4,"Type3",1,"b64e2db118a531efd1ea8352bf490e09","514721914",1682636631.75774,1682636714.32828,1682636753.97836,0,"Triangle (▲)",50,NA,0.464158883361278,1.89107370124338,"b64e2db118a531efd1ea8352bf490e09514721914",46.4
"3dDigital",5,2,"data/pilot/Set85/id-03/Type1-Rep01",5,3,"Type1",1,"b64e2db118a531efd1ea8352bf490e09","514721914",1682636631.75774,1682636754.03178,1682636771.54858,0,"Triangle (▲)",62,NA,0.681292069057963,2.64482694824099,"b64e2db118a531efd1ea8352bf490e09514721914",68.1
"3dPrint",1,2,"data/pilot/Set85/id-04/Type1-Rep01",7,4,"Type1",1,"b64e2db118a531efd1ea8352bf490e09","514721914",1682636631.75774,1682636790.4771,1682636802.41644,0,"Triangle (▲)",45.9,"",0.464158883361278,-0.641855081176059,"b64e2db118a531efd1ea8352bf490e09514721914",46.4
"3dDigital",2,2,"data/pilot/Set85/id-05/Type1-Rep01",9,5,"Type1",1,"b64e2db118a531efd1ea8352bf490e09","514721914",1682636631.75774,1682636802.49549,1682636816.82424,0,"Triangle (▲)",33.9,NA,0.383118684955729,2.18169684273154,"b64e2db118a531efd1ea8352bf490e09514721914",38.3
"2dDigital",4,2,"data/pilot/Set85/id-02/Type1-Rep01",3,2,"Type1",1,"b64e2db118a531efd1ea8352bf490e09","514721914",1682636631.75774,1682636816.87574,1682636824.44519,0,"Triangle (▲)",50,NA,0.56234132519035,2.66882997371014,"b64e2db118a531efd1ea8352bf490e09514721914",56.2
"3dPrint",5,1,"data/pilot/Set85/id-03/Type3-Rep01",6,3,"Type3",1,"b64e2db118a531efd1ea8352bf490e09","514721914",1682636631.75774,1682636832.898,1682636853.89769,0,"Triangle (▲)",59.8,"",0.681292069057963,3.07966942089881,"b64e2db118a531efd1ea8352bf490e09514721914",68.1
"2dDigital",1,2,"data/pilot/Set85/id-04/Type1-Rep01",7,4,"Type1",1,"b64e2db118a531efd1ea8352bf490e09","514721914",1682636631.75774,1682636853.97053,1682636862.96706,0,"Triangle (▲)",40.1,NA,0.464158883361278,2.68725968053589,"b64e2db118a531efd1ea8352bf490e09514721914",46.4
"3dPrint",7,2,"data/pilot/Set85/id-01/Type1-Rep01",1,1,"Type1",1,"b64e2db118a531efd1ea8352bf490e09","514721914",1682636631.75774,1682636869.72762,1682636889.61263,0,"Triangle (▲)",24.3,"",0.177827941003892,2.73166244517475,"b64e2db118a531efd1ea8352bf490e09514721914",17.8
"2dDigital",5,2,"data/pilot/Set85/id-03/Type1-Rep01",5,3,"Type1",1,"b64e2db118a531efd1ea8352bf490e09","514721914",1682636631.75774,1682636889.68542,1682636901.92624,0,"Triangle (▲)",77.7,NA,0.681292069057963,3.2773589123885,"b64e2db118a531efd1ea8352bf490e09514721914",68.1
"3dPrint",4,1,"data/pilot/Set85/id-02/Type3-Rep01",4,2,"Type3",1,"b64e2db118a531efd1ea8352bf490e09","514721914",1682636631.75774,1682636906.36985,1682636928.86845,0,"Triangle (▲)",57.5,"",0.56234132519035,0.475984969368177,"b64e2db118a531efd1ea8352bf490e09514721914",56.2
"3dDigital",4,1,"data/pilot/Set85/id-02/Type3-Rep01",4,2,"Type3",1,"b64e2db118a531efd1ea8352bf490e09","514721914",1682636631.75774,1682636928.94625,1682636937.3816,0,"Triangle (▲)",58.9,NA,0.56234132519035,1.48071362239984,"b64e2db118a531efd1ea8352bf490e09514721914",56.2
"3dDigital",7,1,"data/pilot/Set85/id-01/Type3-Rep01",2,1,"Type3",1,"b64e2db118a531efd1ea8352bf490e09","514721914",1682636631.75774,1682636937.43651,1682636947.0937,0,"Triangle (▲)",11.6,NA,0.177827941003892,2.65713556830923,"b64e2db118a531efd1ea8352bf490e09514721914",17.8
"2dDigital",5,2,"data/pilot/Set85/id-03/Type1-Rep01",5,3,"Type1",18,"a055523dd6871970fe885f40b99bdd40","512516811420",1682639302.39614,1682639345.36953,1682639360.61014,0,"Triangle (▲)",72.7,NA,0.681292069057963,2.23136884189292,"a055523dd6871970fe885f40b99bdd40512516811420",68.1
"3dPrint",2,2,"data/pilot/Set85/id-05/Type1-Rep01",9,5,"Type1",18,"a055523dd6871970fe885f40b99bdd40","512516811420",1682639302.39614,1682639375.70863,1682639395.9051,0,"Triangle (▲)",26.1,"",0.383118684955729,3.62490433222371,"a055523dd6871970fe885f40b99bdd40512516811420",38.3
"3dDigital",1,2,"data/pilot/Set85/id-04/Type1-Rep01",7,4,"Type1",18,"a055523dd6871970fe885f40b99bdd40","512516811420",1682639302.39614,1682639395.96931,1682639422.80811,0,"Triangle (▲)",40.7,NA,0.464158883361278,2.54618780415026,"a055523dd6871970fe885f40b99bdd40512516811420",46.4
"3dPrint",1,1,"data/pilot/Set85/id-04/Type3-Rep01",8,4,"Type3",18,"a055523dd6871970fe885f40b99bdd40","512516811420",1682639302.39614,1682639428.76134,1682639439.40024,0,"Triangle (▲)",31.7,"",0.464158883361278,3.89150554532107,"a055523dd6871970fe885f40b99bdd40512516811420",46.4
"2dDigital",2,1,"data/pilot/Set85/id-05/Type3-Rep01",10,5,"Type3",18,"a055523dd6871970fe885f40b99bdd40","512516811420",1682639302.39614,1682639439.46488,1682639458.37574,0,"Triangle (▲)",31,NA,0.383118684955729,2.8946952615283,"a055523dd6871970fe885f40b99bdd40512516811420",38.3
"2dDigital",7,2,"data/pilot/Set85/id-01/Type1-Rep01",1,1,"Type1",18,"a055523dd6871970fe885f40b99bdd40","512516811420",1682639302.39614,1682639458.44747,1682639467.35204,0,"Triangle (▲)",7.1,NA,0.177827941003892,3.43400019009875,"a055523dd6871970fe885f40b99bdd40512516811420",17.8
"3dDigital",3,2,"data/pilot/Set85/id-09/Type1-Rep01",13,9,"Type1",18,"a055523dd6871970fe885f40b99bdd40","512516811420",1682639531.88476,1682639531.95019,1682639551.07791,0,"Triangle (▲)",88.7,NA,0.825404185268019,2.6518166703981,"a055523dd6871970fe885f40b99bdd40512516811420",82.5
"3dPrint",3,2,"data/pilot/Set85/id-09/Type1-Rep01",13,9,"Type1",18,"a055523dd6871970fe885f40b99bdd40","512516811420",1682639531.88476,1682639560.20705,1682639571.43441,0,"Triangle (▲)",86.6,"",0.825404185268019,2.06508333681722,"a055523dd6871970fe885f40b99bdd40512516811420",82.5
"3dPrint",7,1,"data/pilot/Set85/id-01/Type3-Rep01",2,1,"Type3",18,"a055523dd6871970fe885f40b99bdd40","512516811420",1682639531.88476,1682639586.71661,1682639599.30286,0,"Triangle (▲)",14.4,"",0.177827941003892,1.81056406731933,"a055523dd6871970fe885f40b99bdd40512516811420",17.8
"3dDigital",5,1,"data/pilot/Set85/id-03/Type3-Rep01",6,3,"Type3",18,"a055523dd6871970fe885f40b99bdd40","512516811420",1682639531.88476,1682639599.37256,1682639609.94571,0,"Triangle (▲)",50,NA,0.681292069057963,4.19015708395979,"a055523dd6871970fe885f40b99bdd40512516811420",68.1
"2dDigital",2,1,"data/pilot/Set85/id-05/Type3-Rep01",10,5,"Type3",18,"a055523dd6871970fe885f40b99bdd40","512516811420",1682639531.88476,1682639609.99715,1682639618.43327,0,"Triangle (▲)",26.4,NA,0.383118684955729,3.58938820513021,"a055523dd6871970fe885f40b99bdd40512516811420",38.3
"2dDigital",3,1,"data/pilot/Set85/id-09/Type3-Rep01",14,9,"Type3",18,"a055523dd6871970fe885f40b99bdd40","512516811420",1682639531.88476,1682639618.50203,1682639627.4731,0,"Triangle (▲)",95.8,NA,0.825404185268019,3.74250012247406,"a055523dd6871970fe885f40b99bdd40512516811420",82.5
"3dPrint",5,2,"data/pilot/Set85/id-03/Type1-Rep01",5,3,"Type1",18,"a055523dd6871970fe885f40b99bdd40","512516811420",1682639531.88476,1682639631.18608,1682639645.12218,0,"Triangle (▲)",50,"",0.681292069057963,4.19015708395979,"a055523dd6871970fe885f40b99bdd40512516811420",68.1
"3dDigital",2,2,"data/pilot/Set85/id-05/Type1-Rep01",9,5,"Type1",18,"a055523dd6871970fe885f40b99bdd40","512516811420",1682639531.88476,1682639645.18915,1682639654.6012,0,"Triangle (▲)",27.3,NA,0.383118684955729,3.47727172244732,"a055523dd6871970fe885f40b99bdd40512516811420",38.3
"3dDigital",1,2,"data/pilot/Set85/id-04/Type1-Rep01",7,4,"Type1",18,"a055523dd6871970fe885f40b99bdd40","512516811420",1682639531.88476,1682639654.65265,1682639662.65715,0,"Triangle (▲)",28.6,NA,0.464158883361278,4.16517942139854,"a055523dd6871970fe885f40b99bdd40512516811420",46.4
"3dDigital",7,2,"data/pilot/Set85/id-01/Type1-Rep01",1,1,"Type1",18,"a055523dd6871970fe885f40b99bdd40","512516811420",1682639531.88476,1682639662.70806,1682639675.18133,0,"Triangle (▲)",15.2,NA,0.177827941003892,1.43711804111347,"a055523dd6871970fe885f40b99bdd40512516811420",17.8
"2dDigital",5,2,"data/pilot/Set85/id-03/Type1-Rep01",5,3,"Type1",18,"a055523dd6871970fe885f40b99bdd40","512516811420",1682639531.88476,1682639675.2324,1682639684.00349,0,"Triangle (▲)",81.2,NA,0.681292069057963,3.72200615708544,"a055523dd6871970fe885f40b99bdd40512516811420",68.1
"3dPrint",2,2,"data/pilot/Set85/id-05/Type1-Rep01",9,5,"Type1",18,"a055523dd6871970fe885f40b99bdd40","512516811420",1682639531.88476,1682639686.67472,1682639699.80894,0,"Triangle (▲)",31.2,"",0.383118684955729,2.85536555597855,"a055523dd6871970fe885f40b99bdd40512516811420",38.3
"3dPrint",1,1,"data/pilot/Set85/id-04/Type3-Rep01",8,4,"Type3",18,"a055523dd6871970fe885f40b99bdd40","512516811420",1682639531.88476,1682639702.54296,1682639720.41228,0,"Triangle (▲)",35.4,"",0.464158883361278,3.47779236769365,"a055523dd6871970fe885f40b99bdd40512516811420",46.4
"2dDigital",1,2,"data/pilot/Set85/id-04/Type1-Rep01",7,4,"Type1",18,"a055523dd6871970fe885f40b99bdd40","512516811420",1682639531.88476,1682639720.48031,1682639734.48265,0,"Triangle (▲)",32.5,NA,0.464158883361278,3.81156230955999,"a055523dd6871970fe885f40b99bdd40512516811420",46.4
"2dDigital",7,2,"data/pilot/Set85/id-01/Type1-Rep01",1,1,"Type1",18,"a055523dd6871970fe885f40b99bdd40","512516811420",1682639531.88476,1682639734.54722,1682639748.19463,0,"Triangle (▲)",24.7,NA,0.177827941003892,2.81602740925227,"a055523dd6871970fe885f40b99bdd40512516811420",17.8
"2dDigital",1,2,"data/pilot/Set85/id-04/Type1-Rep01",7,4,"Type1",11,"a055523dd6871970fe885f40b99bdd40","45518",1682640714.75778,1682640714.8367,1682640730.66,0,"Triangle (▲)",50,NA,0.464158883361278,1.89107370124338,"a055523dd6871970fe885f40b99bdd4045518",46.4
"3dPrint",4,2,"data/pilot/Set85/id-02/Type1-Rep01",3,2,"Type1",11,"a055523dd6871970fe885f40b99bdd40","45518",1682640714.75778,1682640750.21978,1682640780.35788,0,"Triangle (▲)",52.7,"",0.56234132519035,1.87150166522403,"a055523dd6871970fe885f40b99bdd4045518",56.2
"3dPrint",1,1,"data/pilot/Set85/id-04/Type3-Rep01",8,4,"Type3",11,"a055523dd6871970fe885f40b99bdd40","45518",1682640714.75778,1682640799.14648,1682640828.48632,0,"Triangle (▲)",43.2,"",0.464158883361278,1.74023176369447,"a055523dd6871970fe885f40b99bdd4045518",46.4
"3dDigital",4,2,"data/pilot/Set85/id-02/Type1-Rep01",3,2,"Type1",11,"a055523dd6871970fe885f40b99bdd40","45518",1682640714.75778,1682640828.53966,1682640849.40208,0,"Triangle (▲)",52.9,NA,0.56234132519035,1.79041028427818,"a055523dd6871970fe885f40b99bdd4045518",56.2
"3dDigital",7,1,"data/pilot/Set85/id-01/Type3-Rep01",2,1,"Type3",11,"a055523dd6871970fe885f40b99bdd40","45518",1682640714.75778,1682640849.4692,1682640883.88051,0,"Triangle (▲)",20.5,NA,0.177827941003892,1.50701107238063,"a055523dd6871970fe885f40b99bdd4045518",17.8
"3dPrint",6,2,"data/pilot/Set85/id-06/Type1-Rep01",11,6,"Type1",11,"a055523dd6871970fe885f40b99bdd40","45518",1682640714.75778,1682640892.41136,1682640918.01709,0,"Triangle (▲)",23.2,"",0.261015721568254,1.59768474690246,"a055523dd6871970fe885f40b99bdd4045518",26.1
"3dDigital",2,1,"data/pilot/Set85/id-05/Type3-Rep01",10,5,"Type3",11,"a055523dd6871970fe885f40b99bdd40","45518",1682640714.75778,1682640918.08713,1682640936.79362,0,"Triangle (▲)",30.3,NA,0.383118684955729,3.02447367469504,"a055523dd6871970fe885f40b99bdd4045518",38.3
"3dPrint",7,1,"data/pilot/Set85/id-01/Type3-Rep01",2,1,"Type3",11,"a055523dd6871970fe885f40b99bdd40","45518",1682640714.75778,1682640949.25362,1682640968.95581,0,"Triangle (▲)",17.4,"",0.177827941003892,-0.977684461202936,"a055523dd6871970fe885f40b99bdd4045518",17.8
"2dDigital",7,2,"data/pilot/Set85/id-01/Type1-Rep01",1,1,"Type1",11,"a055523dd6871970fe885f40b99bdd40","45518",1682640714.75778,1682640969.01974,1682640993.91874,0,"Triangle (▲)",14.7,NA,0.177827941003892,1.68158154207943,"a055523dd6871970fe885f40b99bdd4045518",17.8
"2dDigital",2,2,"data/pilot/Set85/id-05/Type1-Rep01",9,5,"Type1",11,"a055523dd6871970fe885f40b99bdd40","45518",1682640714.75778,1682640993.98121,1682641017.81471,0,"Triangle (▲)",34.7,NA,0.383118684955729,1.90182979461962,"a055523dd6871970fe885f40b99bdd4045518",38.3
"3dPrint",2,1,"data/pilot/Set85/id-05/Type3-Rep01",10,5,"Type3",11,"a055523dd6871970fe885f40b99bdd40","45518",1682640714.75778,1682641020.73764,1682641041.91727,0,"Triangle (▲)",35.1,"",0.383118684955729,1.73849483170356,"a055523dd6871970fe885f40b99bdd4045518",38.3
"2dDigital",6,1,"data/pilot/Set85/id-06/Type3-Rep01",12,6,"Type3",11,"a055523dd6871970fe885f40b99bdd40","45518",1682640714.75778,1682641041.98008,1682641059.01621,0,"Triangle (▲)",21.4,NA,0.261015721568254,2.27099894723354,"a055523dd6871970fe885f40b99bdd4045518",26.1
"3dDigital",6,1,"data/pilot/Set85/id-06/Type3-Rep01",12,6,"Type3",11,"a055523dd6871970fe885f40b99bdd40","45518",1682640714.75778,1682641059.07919,1682641073.32579,0,"Triangle (▲)",23.2,NA,0.261015721568254,1.59768474690246,"a055523dd6871970fe885f40b99bdd4045518",26.1
"2dDigital",4,1,"data/pilot/Set85/id-02/Type3-Rep01",4,2,"Type3",11,"a055523dd6871970fe885f40b99bdd40","45518",1682640714.75778,1682641073.37691,1682641085.90051,0,"Triangle (▲)",55.1,NA,0.56234132519035,0.332430129358375,"a055523dd6871970fe885f40b99bdd4045518",56.2
"3dDigital",1,2,"data/pilot/Set85/id-04/Type1-Rep01",7,4,"Type1",11,"a055523dd6871970fe885f40b99bdd40","45518",1682640714.75778,1682641085.97118,1682641111.38099,0,"Triangle (▲)",43.4,NA,0.464158883361278,1.65117265366218,"a055523dd6871970fe885f40b99bdd4045518",46.4
"3dDigital",3,2,"data/pilot/Set85/id-09/Type1-Rep01",13,9,"Type1",21,"c0e312efac69cb1b30690284a3117d83","1611441",1682967037.96618,1682967038.0423,1682967124.01643,0,"Triangle (▲)",94.6,NA,0.825404185268019,3.60698479183195,"c0e312efac69cb1b30690284a3117d831611441",82.5
"3dDigital",1,2,"data/pilot/Set85/id-04/Type1-Rep01",7,4,"Type1",21,"c0e312efac69cb1b30690284a3117d83","1611441",1682967037.96618,1682967124.10484,1682967165.58454,0,"Triangle (▲)",47.8,NA,0.464158883361278,0.593699559313574,"c0e312efac69cb1b30690284a3117d831611441",46.4
"2dDigital",1,2,"data/pilot/Set85/id-04/Type1-Rep01",7,4,"Type1",21,"c0e312efac69cb1b30690284a3117d83","1611441",1682967037.96618,1682967165.61913,1682967183.95906,0,"Triangle (▲)",50,NA,0.464158883361278,1.89107370124338,"c0e312efac69cb1b30690284a3117d831611441",46.4
"3dDigital",6,1,"data/pilot/Set85/id-06/Type3-Rep01",12,6,"Type3",21,"c0e312efac69cb1b30690284a3117d83","1611441",1682967037.96618,1682967184.02128,1682967233.12149,0,"Triangle (▲)",28.9,NA,0.261015721568254,1.5476609827728,"c0e312efac69cb1b30690284a3117d831611441",26.1
"3dPrint",5,2,"data/pilot/Set85/id-03/Type1-Rep01",5,3,"Type1",21,"c0e312efac69cb1b30690284a3117d83","1611441",1682967037.96618,1682967258.59995,1682967275.03156,0,"Triangle (▲)",89.6,"",0.681292069057963,4.43267839462583,"c0e312efac69cb1b30690284a3117d831611441",68.1
"3dPrint",3,2,"data/pilot/Set85/id-09/Type1-Rep01",13,9,"Type1",21,"c0e312efac69cb1b30690284a3117d83","1611441",1682967037.96618,1682967298.56511,1682967316.39915,0,"Triangle (▲)",46.1,"",0.825404185268019,5.19240797005651,"c0e312efac69cb1b30690284a3117d831611441",82.5
"3dPrint",1,1,"data/pilot/Set85/id-04/Type3-Rep01",8,4,"Type3",21,"c0e312efac69cb1b30690284a3117d83","1611441",1682967037.96618,1682967328.88374,1682967340.21253,0,"Triangle (▲)",47,"",0.464158883361278,-0.495915268226447,"c0e312efac69cb1b30690284a3117d831611441",46.4
"3dDigital",4,2,"data/pilot/Set85/id-02/Type1-Rep01",3,2,"Type1",21,"c0e312efac69cb1b30690284a3117d83","1611441",1682967037.96618,1682967340.27491,1682967357.32846,0,"Triangle (▲)",47.4,NA,0.56234132519035,3.16335904801123,"c0e312efac69cb1b30690284a3117d831611441",56.2
"3dPrint",6,1,"data/pilot/Set85/id-06/Type3-Rep01",12,6,"Type3",21,"c0e312efac69cb1b30690284a3117d83","1611441",1682967037.96618,1682967370.08196,1682967382.63137,0,"Triangle (▲)",18.6,"",0.261015721568254,2.93103476825923,"c0e312efac69cb1b30690284a3117d831611441",26.1
"2dDigital",6,1,"data/pilot/Set85/id-06/Type3-Rep01",12,6,"Type3",21,"c0e312efac69cb1b30690284a3117d83","1611441",1682967037.96618,1682967382.70315,1682967401.95094,0,"Triangle (▲)",17.5,NA,0.261015721568254,3.12541506697063,"c0e312efac69cb1b30690284a3117d831611441",26.1
"3dDigital",5,2,"data/pilot/Set85/id-03/Type1-Rep01",5,3,"Type1",21,"c0e312efac69cb1b30690284a3117d83","1611441",1682967037.96618,1682967402.01157,1682967427.3205,0,"Triangle (▲)",88.5,NA,0.681292069057963,4.35725591169278,"c0e312efac69cb1b30690284a3117d831611441",68.1
"2dDigital",5,1,"data/pilot/Set85/id-03/Type3-Rep01",6,3,"Type3",21,"c0e312efac69cb1b30690284a3117d83","1611441",1682967037.96618,1682967427.37202,1682967434.04693,0,"Triangle (▲)",88.3,NA,0.681292069057963,4.34310881189851,"c0e312efac69cb1b30690284a3117d831611441",68.1
"2dDigital",3,2,"data/pilot/Set85/id-09/Type1-Rep01",13,9,"Type1",21,"c0e312efac69cb1b30690284a3117d83","1611441",1682967037.96618,1682967434.11825,1682967443.59931,0,"Triangle (▲)",90.3,NA,0.825404185268019,2.97903417637699,"c0e312efac69cb1b30690284a3117d831611441",82.5
"2dDigital",4,1,"data/pilot/Set85/id-02/Type3-Rep01",4,2,"Type3",21,"c0e312efac69cb1b30690284a3117d83","1611441",1682967037.96618,1682967443.65133,1682967456.69523,0,"Triangle (▲)",91.5,NA,0.56234132519035,5.14530521961033,"c0e312efac69cb1b30690284a3117d831611441",56.2
"3dPrint",4,2,"data/pilot/Set85/id-02/Type1-Rep01",3,2,"Type1",21,"c0e312efac69cb1b30690284a3117d83","1611441",1682967037.96618,1682967466.03515,1682967476.36709,0,"Triangle (▲)",91.6,"",0.56234132519035,5.14937593260522,"c0e312efac69cb1b30690284a3117d831611441",56.2
"2dDigital",5,1,"data/pilot/Set85/id-03/Type3-Rep01",6,3,"Type3",15,"d267c936d7f40fff9f4c14df45f270c3","79181665",1683311371.27812,1683311371.44188,1683311401.30228,0,"Triangle (▲)",61,NA,0.681292069057963,2.85881789470291,"d267c936d7f40fff9f4c14df45f270c379181665",68.1
"2dDigital",7,2,"data/pilot/Set85/id-01/Type1-Rep01",1,1,"Type1",15,"d267c936d7f40fff9f4c14df45f270c3","79181665",1683311371.27812,1683311401.38225,1683311416.53627,0,"Triangle (▲)",11.3,NA,0.177827941003892,2.72416873291726,"d267c936d7f40fff9f4c14df45f270c379181665",17.8
"3dDigital",6,1,"data/pilot/Set85/id-06/Type3-Rep01",12,6,"Type3",15,"d267c936d7f40fff9f4c14df45f270c3","79181665",1683311371.27812,1683311416.57866,1683311437.01918,4,"Triangle (▲)",22.2,NA,0.261015721568254,2.00955218695515,"d267c936d7f40fff9f4c14df45f270c379181665",26.1
"3dPrint",2,1,"data/pilot/Set85/id-05/Type3-Rep01",10,5,"Type3",15,"d267c936d7f40fff9f4c14df45f270c3","79181665",1683311371.27812,1683311456.30704,1683311473.55415,0,"Triangle (▲)",35.7,"",0.383118684955729,1.45252611598063,"d267c936d7f40fff9f4c14df45f270c379181665",38.3
"3dDigital",2,1,"data/pilot/Set85/id-05/Type3-Rep01",10,5,"Type3",15,"d267c936d7f40fff9f4c14df45f270c3","79181665",1683311371.27812,1683311473.62019,1683311490.57615,1,"Triangle (▲)",35,NA,0.383118684955729,1.7810946511241,"d267c936d7f40fff9f4c14df45f270c379181665",38.3
"3dPrint",6,1,"data/pilot/Set85/id-06/Type3-Rep01",12,6,"Type3",15,"d267c936d7f40fff9f4c14df45f270c3","79181665",1683311371.27812,1683311503.81066,1683311515.62909,0,"Triangle (▲)",20,"",0.261015721568254,2.63843815147597,"d267c936d7f40fff9f4c14df45f270c379181665",26.1
"3dPrint",5,1,"data/pilot/Set85/id-03/Type3-Rep01",6,3,"Type3",15,"d267c936d7f40fff9f4c14df45f270c3","79181665",1683311371.27812,1683311524.64561,1683311538.63132,0,"Triangle (▲)",51.5,"",0.681292069057963,4.06645149016412,"d267c936d7f40fff9f4c14df45f270c379181665",68.1
"3dPrint",4,2,"data/pilot/Set85/id-02/Type1-Rep01",3,2,"Type1",15,"d267c936d7f40fff9f4c14df45f270c3","79181665",1683311371.27812,1683311551.71141,1683311565.05647,0,"Triangle (▲)",50.5,"",0.56234132519035,2.55068708049587,"d267c936d7f40fff9f4c14df45f270c379181665",56.2
"2dDigital",6,1,"data/pilot/Set85/id-06/Type3-Rep01",12,6,"Type3",15,"d267c936d7f40fff9f4c14df45f270c3","79181665",1683311371.27812,1683311565.12357,1683311574.55618,0,"Triangle (▲)",19.5,NA,0.261015721568254,2.7498714985653,"d267c936d7f40fff9f4c14df45f270c379181665",26.1
"2dDigital",2,1,"data/pilot/Set85/id-05/Type3-Rep01",10,5,"Type3",15,"d267c936d7f40fff9f4c14df45f270c3","79181665",1683311371.27812,1683311574.60261,1683311583.32597,0,"Triangle (▲)",30.2,NA,0.383118684955729,3.04209595578329,"d267c936d7f40fff9f4c14df45f270c379181665",38.3
"3dPrint",7,1,"data/pilot/Set85/id-01/Type3-Rep01",2,1,"Type3",15,"d267c936d7f40fff9f4c14df45f270c3","79181665",1683311371.27812,1683311587.30943,1683311608.11957,0,"Triangle (▲)",26.3,"",0.177827941003892,3.11139960338874,"d267c936d7f40fff9f4c14df45f270c379181665",17.8
"3dDigital",7,2,"data/pilot/Set85/id-01/Type1-Rep01",1,1,"Type1",15,"d267c936d7f40fff9f4c14df45f270c3","79181665",1683311371.27812,1683311608.18646,1683311622.82839,1,"Triangle (▲)",12.5,NA,0.177827941003892,2.43504022262558,"d267c936d7f40fff9f4c14df45f270c379181665",17.8
"3dDigital",4,2,"data/pilot/Set85/id-02/Type1-Rep01",3,2,"Type1",15,"d267c936d7f40fff9f4c14df45f270c3","79181665",1683311371.27812,1683311622.8808,1683311633.78925,1,"Triangle (▲)",50,NA,0.56234132519035,2.66882997371014,"d267c936d7f40fff9f4c14df45f270c379181665",56.2
"3dDigital",5,1,"data/pilot/Set85/id-03/Type3-Rep01",6,3,"Type3",15,"d267c936d7f40fff9f4c14df45f270c3","79181665",1683311371.27812,1683311633.84022,1683311641.84837,1,"Triangle (▲)",51.8,NA,0.681292069057963,4.04038458499902,"d267c936d7f40fff9f4c14df45f270c379181665",68.1
"2dDigital",4,1,"data/pilot/Set85/id-02/Type3-Rep01",4,2,"Type3",15,"d267c936d7f40fff9f4c14df45f270c3","79181665",1683311371.27812,1683311641.90069,1683311648.64391,0,"Triangle (▲)",50,NA,0.56234132519035,2.66882997371014,"d267c936d7f40fff9f4c14df45f270c379181665",56.2
"3dDigital",6,1,"data/pilot/Set85/id-06/Type3-Rep01",12,6,"Type3",15,"d267c936d7f40fff9f4c14df45f270c3","1111471181515",1683311745.75697,1683311745.81664,1683311799.62859,4,"Triangle (▲)",19.2,NA,0.261015721568254,2.81282105652137,"d267c936d7f40fff9f4c14df45f270c31111471181515",26.1
"3dDigital",5,1,"data/pilot/Set85/id-03/Type3-Rep01",6,3,"Type3",15,"d267c936d7f40fff9f4c14df45f270c3","1111471181515",1683311745.75697,1683311799.68146,1683311859.30294,7,"Triangle (▲)",80.3,NA,0.681292069057963,3.62009288847714,"d267c936d7f40fff9f4c14df45f270c31111471181515",68.1
"3dPrint",2,1,"data/pilot/Set85/id-05/Type3-Rep01",10,5,"Type3",15,"d267c936d7f40fff9f4c14df45f270c3","1111471181515",1683311745.75697,1683311886.75994,1683311936.56463,0,"Triangle (▲)",40.8,"",0.383118684955729,1.38577972933111,"d267c936d7f40fff9f4c14df45f270c31111471181515",38.3
"2dDigital",7,2,"data/pilot/Set85/id-01/Type1-Rep01",1,1,"Type1",15,"d267c936d7f40fff9f4c14df45f270c3","1111471181515",1683311745.75697,1683311936.61913,1683311958.95707,0,"Triangle (▲)",11.5,NA,0.177827941003892,2.67982779083029,"d267c936d7f40fff9f4c14df45f270c31111471181515",17.8
"3dDigital",7,2,"data/pilot/Set85/id-01/Type1-Rep01",1,1,"Type1",15,"d267c936d7f40fff9f4c14df45f270c3","1111471181515",1683311745.75697,1683311959.01202,1683312008.90131,7,"Triangle (▲)",14.5,NA,0.177827941003892,1.76883817026999,"d267c936d7f40fff9f4c14df45f270c31111471181515",17.8
"3dDigital",4,2,"data/pilot/Set85/id-02/Type1-Rep01",3,2,"Type1",15,"d267c936d7f40fff9f4c14df45f270c3","1111471181515",1683311745.75697,1683312008.95197,1683312022.46855,1,"Triangle (▲)",50,NA,0.56234132519035,2.66882997371014,"d267c936d7f40fff9f4c14df45f270c31111471181515",56.2
"3dDigital",2,1,"data/pilot/Set85/id-05/Type3-Rep01",10,5,"Type3",15,"d267c936d7f40fff9f4c14df45f270c3","1111471181515",1683311745.75697,1683312022.50108,1683312047.99578,1,"Triangle (▲)",28.5,NA,0.383118684955729,3.31279127254175,"d267c936d7f40fff9f4c14df45f270c31111471181515",38.3
"3dPrint",6,1,"data/pilot/Set85/id-06/Type3-Rep01",12,6,"Type3",15,"d267c936d7f40fff9f4c14df45f270c3","1111471181515",1683311745.75697,1683312068.24621,1683312115.82787,0,"Triangle (▲)",17.5,"",0.261015721568254,3.12541506697063,"d267c936d7f40fff9f4c14df45f270c31111471181515",26.1
"3dPrint",5,1,"data/pilot/Set85/id-03/Type3-Rep01",6,3,"Type3",15,"d267c936d7f40fff9f4c14df45f270c3","1111471181515",1683311745.75697,1683312133.78948,1683312162.2124,0,"Triangle (▲)",81.5,"",0.681292069057963,3.75443785564575,"d267c936d7f40fff9f4c14df45f270c31111471181515",68.1
"2dDigital",5,1,"data/pilot/Set85/id-03/Type3-Rep01",6,3,"Type3",15,"d267c936d7f40fff9f4c14df45f270c3","1111471181515",1683311745.75697,1683312162.25329,1683312188.67152,0,"Triangle (▲)",78,NA,0.681292069057963,3.32132103897407,"d267c936d7f40fff9f4c14df45f270c31111471181515",68.1
"3dPrint",4,2,"data/pilot/Set85/id-02/Type1-Rep01",3,2,"Type1",15,"d267c936d7f40fff9f4c14df45f270c3","1111471181515",1683311745.75697,1683312200.49879,1683312235.35356,0,"Triangle (▲)",55.8,"",0.56234132519035,-0.8387378406263,"d267c936d7f40fff9f4c14df45f270c31111471181515",56.2
"2dDigital",2,1,"data/pilot/Set85/id-05/Type3-Rep01",10,5,"Type3",15,"d267c936d7f40fff9f4c14df45f270c3","1111471181515",1683311745.75697,1683312235.41944,1683312256.62544,0,"Triangle (▲)",44.5,NA,0.383118684955729,2.65835580318531,"d267c936d7f40fff9f4c14df45f270c31111471181515",38.3
"2dDigital",6,1,"data/pilot/Set85/id-06/Type3-Rep01",12,6,"Type3",15,"d267c936d7f40fff9f4c14df45f270c3","1111471181515",1683311745.75697,1683312256.69138,1683312272.13409,0,"Triangle (▲)",26.8,NA,0.261015721568254,-0.280285862489044,"d267c936d7f40fff9f4c14df45f270c31111471181515",26.1
"3dPrint",7,1,"data/pilot/Set85/id-01/Type3-Rep01",2,1,"Type3",15,"d267c936d7f40fff9f4c14df45f270c3","1111471181515",1683311745.75697,1683312275.36336,1683312315.0799,0,"Triangle (▲)",11.2,"",0.177827941003892,2.7458384052251,"d267c936d7f40fff9f4c14df45f270c31111471181515",17.8
